{
	"credit": "Made with Blockbench",
	"textures": {
		"0": "block/extra/modeltexture/woodx64_3",
		"1": "block/extra/modeltexture/magazine_2",
		"3": "block/extra/modeltexture/iron_2",
		"4": "block/extra/modeltexture/iron_1",
		"6": "block/extra/modeltexture/gun_details_1",
		"particle": "block/extra/modeltexture/woodx64_3"
	},
	"elements": [
		{
			"name": "butt",
			"from": [6.99, 7.44, 3.39],
			"to": [9.01, 9.01, 4.91],
			"rotation": {"angle": -22.5, "axis": "x", "origin": [8, 8, 8]},
			"faces": {
				"north": {"uv": [0, 0, 2, 1.3], "texture": "#0"},
				"east": {"uv": [0, 0, 1.32, 1.52], "rotation": 90, "texture": "#4"},
				"south": {"uv": [0, 0, 2, 1.3], "texture": "#0"},
				"west": {"uv": [0, 0, 1.32, 1.52], "rotation": 90, "texture": "#4"},
				"up": {"uv": [0, 0, 2.02, 1.52], "texture": "#4"},
				"down": {"uv": [0, 0, 2.02, 1.52], "texture": "#4"}
			}
		},
		{
			"name": "butt",
			"from": [7.01, 2.25858, -6.76463],
			"to": [9.01, 3.20858, -5.71463],
			"rotation": {"angle": 0, "axis": "y", "origin": [8.01032, 4.40858, 15.13537]},
			"faces": {
				"north": {"uv": [0, 0, 0.95, 2], "rotation": 90, "texture": "#0"},
				"east": {"uv": [0, 2.5, 1.05, 3.45], "texture": "#0"},
				"south": {"uv": [0, 0, 2, 0.95], "texture": "#0"},
				"west": {"uv": [0, 2.5, 1.05, 3.45], "texture": "#0"},
				"up": {"uv": [0, 0, 2, 1.05], "texture": "#0"},
				"down": {"uv": [0, 0, 2, 1.05], "texture": "#0"}
			}
		},
		{
			"name": "butt",
			"from": [7, 4.33858, -2.88463],
			"to": [9, 6.53858, -0.08463],
			"rotation": {"angle": 0, "axis": "y", "origin": [15.00032, 7.73858, 8.01537]},
			"faces": {
				"north": {"uv": [0, 0, 2.2, 2], "rotation": 90, "texture": "#0"},
				"east": {"uv": [0, 2.5, 2.8, 4.7], "texture": "#0"},
				"south": {"uv": [0, 0, 2.2, 2], "rotation": 90, "texture": "#0"},
				"west": {"uv": [0, 2.5, 2.8, 4.7], "texture": "#0"},
				"up": {"uv": [0, 0, 2.8, 2], "rotation": 90, "texture": "#0"}
			}
		},
		{
			"name": "butt",
			"from": [7, 7.45, -7.4],
			"to": [9, 9, -3.6],
			"rotation": {"angle": -22.5, "axis": "x", "origin": [7.998, 8, 8]},
			"faces": {
				"north": {"uv": [0, 0, 1.3, 2], "rotation": 90, "texture": "#0"},
				"east": {"uv": [0, 2.5, 5.05, 3.8], "texture": "#0"},
				"west": {"uv": [0, 2.5, 5.05, 3.8], "texture": "#0"},
				"down": {"uv": [0, 0, 5.05, 2], "rotation": 90, "texture": "#0"}
			}
		},
		{
			"name": "butt",
			"from": [6.999, 6.83771, -3.47821],
			"to": [9.001, 8.38771, 2.52179],
			"rotation": {"angle": -22.5, "axis": "x", "origin": [7.999, 7.38771, 6.52179]},
			"faces": {
				"east": {"uv": [0, 2.5, 6, 3.8], "texture": "#0"},
				"west": {"uv": [0, 2.5, 6, 3.8], "texture": "#0"},
				"up": {"uv": [0, 0, 12.4, 2], "rotation": 90, "texture": "#0"},
				"down": {"uv": [0, 0, 12.4, 2], "rotation": 90, "texture": "#0"}
			}
		},
		{
			"name": "butt",
			"from": [7, 7.45, 2.4],
			"to": [9, 9, 5.9],
			"rotation": {"angle": -22.5, "axis": "x", "origin": [8, 8, 8]},
			"faces": {
				"east": {"uv": [0, 2.5, 3.5, 3.8], "texture": "#0"},
				"west": {"uv": [0, 2.5, 3.5, 3.8], "texture": "#0"},
				"up": {"uv": [3.5, 0, 6.999, 2], "rotation": 90, "texture": "#0"},
				"down": {"uv": [0, 0, 3.5, 2], "rotation": 90, "texture": "#0"}
			}
		},
		{
			"name": "butt",
			"from": [7, 4.33858, -0.08463],
			"to": [9, 6.53858, 1.96537],
			"rotation": {"angle": 0, "axis": "y", "origin": [8.00032, 7.73858, 10.81537]},
			"faces": {
				"north": {"uv": [0, 0, 2.05, 2], "rotation": 90, "texture": "#0"},
				"east": {"uv": [0, 2.5, 2.05, 4.45], "texture": "#0"},
				"south": {"uv": [0, 0, 2, 1.95], "texture": "#0"},
				"west": {"uv": [0, 2.5, 2.05, 4.45], "texture": "#0"},
				"up": {"uv": [0, 0, 2.05, 2], "rotation": 90, "texture": "#0"},
				"down": {"uv": [0, 0, 2, 2.05], "texture": "#0"}
			}
		},
		{
			"name": "butt",
			"from": [7.01, 3.20858, -6.76463],
			"to": [8.99, 6.53858, -2.88463],
			"rotation": {"angle": 0, "axis": "y", "origin": [8.00032, 7.94858, 8.02537]},
			"faces": {
				"north": {"uv": [0, 0, 3.33, 1.98], "rotation": 90, "texture": "#0"},
				"east": {"uv": [0, 2.5, 3.88, 5.83], "texture": "#0"},
				"south": {"uv": [0, 0, 3.33, 1.98], "rotation": 90, "texture": "#0"},
				"west": {"uv": [0, 2.5, 3.88, 5.83], "texture": "#0"},
				"up": {"uv": [0, 0, 3.88, 1.98], "rotation": 90, "texture": "#0"}
			}
		},
		{
			"name": "barrel",
			"from": [7.6, 7.6, 25],
			"to": [8.4, 8.4, 27.6],
			"rotation": {"angle": 0, "axis": "y", "origin": [8, 8, 7]},
			"faces": {
				"east": {"uv": [0, 9.5, 7.848, 11.798], "texture": "#4"},
				"south": {"uv": [5.75, 3, 7.998, 5.248], "texture": "#6"},
				"west": {"uv": [7.848, 9.5, 0, 11.798], "texture": "#4"},
				"up": {"uv": [7.848, 9.5, 0, 11.798], "rotation": 90, "texture": "#4"},
				"down": {"uv": [7.848, 9.5, 0, 11.798], "rotation": 270, "texture": "#4"}
			}
		},
		{
			"name": "body",
			"from": [7.05, 6.6, 9.9],
			"to": [8.95, 8, 15.7],
			"rotation": {"angle": 0, "axis": "y", "origin": [8.05, 8, 8]},
			"faces": {
				"east": {"uv": [0, 3.5, 5.8, 4.9], "texture": "#0"},
				"south": {"uv": [0, 3.5, 2, 4.9], "texture": "#0"},
				"west": {"uv": [0, 3.5, 5.8, 4.9], "texture": "#0"},
				"up": {"uv": [0, 0, 1.9, 5.8], "texture": "#0"},
				"down": {"uv": [0, 3.5, 5.8, 5.4], "rotation": 90, "texture": "#0"}
			}
		},
		{
			"name": "body",
			"from": [7, 8, 5.8],
			"to": [9, 9.1, 6.5],
			"faces": {
				"north": {"uv": [0, 0, 2, 1.1], "texture": "#4"},
				"east": {"uv": [0, 0, 1.1, 0.7], "rotation": 90, "texture": "#4"},
				"south": {"uv": [0, 0, 2, 1.1], "texture": "#4"},
				"west": {"uv": [0, 0, 1.1, 0.7], "rotation": 90, "texture": "#4"},
				"up": {"uv": [0, 0, 2, 0.7], "texture": "#4"}
			}
		},
		{
			"name": "body",
			"from": [7.21, 8.21, 10.21],
			"to": [8.79, 8.89, 10.99],
			"faces": {
				"north": {"uv": [0, 0, 1.58, 0.68], "texture": "#4"},
				"east": {"uv": [0, 0, 0.68, 0.78], "rotation": 90, "texture": "#4"},
				"south": {"uv": [0, 0, 1.58, 0.68], "texture": "#4"},
				"west": {"uv": [0, 0, 0.68, 0.78], "rotation": 90, "texture": "#4"},
				"up": {"uv": [0, 0, 1.58, 0.78], "texture": "#4"}
			}
		},
		{
			"name": "body",
			"from": [7.2, 7.5, 10.9],
			"to": [8.8, 8.3, 18.5],
			"faces": {
				"north": {"uv": [0, 0, 0.8, 0.8], "texture": "#0"},
				"east": {"uv": [0, 10.25, 7.7, 11.05], "texture": "#0"},
				"west": {"uv": [0, 2, 7.7, 2.8], "texture": "#0"},
				"up": {"uv": [0, 0, 7.7, 1.6], "rotation": 90, "texture": "#0"}
			}
		},
		{
			"name": "body",
			"from": [7.2, 7.75, 18.5],
			"to": [8.8, 8.55, 25.45],
			"rotation": {"angle": 0, "axis": "y", "origin": [8, 8.25, 15.7]},
			"faces": {
				"north": {"uv": [0, 9, 1.6, 9.8], "texture": "#0"},
				"east": {"uv": [0, 10.25, 6.95, 11.05], "texture": "#0"},
				"south": {"uv": [0, 9, 1.6, 9.8], "texture": "#0"},
				"west": {"uv": [0, 2, 6.95, 2.8], "texture": "#0"},
				"up": {"uv": [0, 0, 6.95, 1.6], "rotation": 90, "texture": "#0"}
			}
		},
		{
			"name": "body",
			"from": [7.2, 6.9, 11.5],
			"to": [8.8, 7.5, 18.5],
			"rotation": {"angle": 0, "axis": "y", "origin": [8, 8, 15]},
			"faces": {
				"north": {"uv": [0, 0, 0.6, 0.6], "texture": "#0"},
				"east": {"uv": [0, 7.25, 7, 7.85], "texture": "#0"},
				"south": {"uv": [0, 9, 1.6, 9.6], "texture": "#0"},
				"west": {"uv": [0, 4.5, 7, 5.1], "texture": "#0"},
				"down": {"uv": [0, 0, 15, 1.6], "rotation": 90, "texture": "#0"}
			}
		},
		{
			"name": "body",
			"from": [7.2, 7.15, 18.5],
			"to": [8.8, 7.75, 25.45],
			"rotation": {"angle": 0, "axis": "y", "origin": [8, 8.25, 15]},
			"faces": {
				"east": {"uv": [0, 7.25, 7, 7.85], "texture": "#0"},
				"south": {"uv": [0, 9, 1.6, 9.6], "texture": "#0"},
				"west": {"uv": [0, 4.5, 7, 5.1], "texture": "#0"},
				"down": {"uv": [0, 0, 15, 1.6], "rotation": 90, "texture": "#0"}
			}
		},
		{
			"name": "body",
			"from": [7.55, 7.35, 5.35],
			"to": [8.45, 8.25, 11.4],
			"faces": {
				"east": {"uv": [0, 0, 0.9, 6.8], "rotation": 90, "texture": "#4"},
				"west": {"uv": [0, 0, 6.8, 0.9], "texture": "#4"},
				"up": {"uv": [0, 0, 6.8, 0.9], "rotation": 90, "texture": "#4"}
			}
		},
		{
			"name": "body",
			"from": [7.5, 7, 25.25],
			"to": [8.5, 8.7, 27.05],
			"rotation": {"angle": 0, "axis": "y", "origin": [8, 8, 7]},
			"faces": {
				"north": {"uv": [0.25, 5.5, 1.399, 7.8], "texture": "#4"},
				"east": {"uv": [0, 5.5, 2.15, 7.8], "texture": "#4"},
				"south": {"uv": [0.25, 5.5, 1.399, 7.8], "texture": "#4"},
				"west": {"uv": [0, 5.5, 2.15, 7.8], "texture": "#4"},
				"up": {"uv": [0, 0, 4.4, 2.55], "rotation": 90, "texture": "#4"},
				"down": {"uv": [0, 0, 4.4, 2.55], "rotation": 90, "texture": "#4"}
			}
		},
		{
			"name": "body",
			"from": [7.1, 7.9, 4.8],
			"to": [7.6, 8.4, 11.2],
			"faces": {
				"north": {"uv": [0, 0, 0.5, 0.5], "texture": "#4"},
				"east": {"uv": [0, 0, 0.5, 6.4], "rotation": 90, "texture": "#4"},
				"west": {"uv": [0, 0, 6.4, 0.5], "texture": "#4"},
				"up": {"uv": [0, 0, 6.4, 0.5], "rotation": 90, "texture": "#4"}
			}
		},
		{
			"name": "body",
			"from": [6.95, 6.35, 5.5],
			"to": [9.05, 8.2, 11.9],
			"rotation": {"angle": 0, "axis": "y", "origin": [7.949, 8, 8]},
			"faces": {
				"north": {"uv": [0, 3.5, 2, 5.1], "texture": "#0"},
				"east": {"uv": [0, 3.5, 6.4, 5.1], "texture": "#0"},
				"south": {"uv": [0, 3.5, 2, 5.1], "texture": "#0"},
				"west": {"uv": [0, 3.5, 6.4, 5.1], "texture": "#0"},
				"up": {"uv": [0, 0, 6.4, 2], "rotation": 90, "texture": "#0"},
				"down": {"uv": [0, 5, 6.4, 7], "rotation": 90, "texture": "#0"}
			}
		},
		{
			"name": "body",
			"from": [8.4, 7.9, 4.8],
			"to": [8.9, 8.4, 11.2],
			"faces": {
				"north": {"uv": [0, 0, 0.5, 0.5], "texture": "#4"},
				"east": {"uv": [0, 0, 6.4, 0.5], "texture": "#4"},
				"west": {"uv": [0, 0, 0.5, 6.4], "rotation": 90, "texture": "#4"},
				"up": {"uv": [0, 0, 6.4, 0.5], "rotation": 90, "texture": "#4"}
			}
		},
		{
			"name": "body",
			"from": [7.2, 8.2, 5],
			"to": [8.8, 8.9, 6.3],
			"faces": {
				"north": {"uv": [0, 0, 6.9, 3.05], "texture": "#4"},
				"east": {"uv": [0, 0, 6.9, 2.3], "rotation": 90, "texture": "#4"},
				"west": {"uv": [0, 0, 6.9, 2.3], "rotation": 90, "texture": "#4"},
				"up": {"uv": [0, 0, 6.9, 2.3], "texture": "#4"}
			}
		},
		{
			"name": "body",
			"from": [7.4, 8.2, 10.8],
			"to": [8.6, 8.8, 18.5],
			"faces": {
				"north": {"uv": [0, 0, 0.8, 0.8], "texture": "#0"},
				"east": {"uv": [0, 2, 7.7, 2.6], "texture": "#0"},
				"west": {"uv": [0, 2, 7.7, 2.6], "texture": "#0"},
				"up": {"uv": [0, 0, 7.7, 1.2], "rotation": 90, "texture": "#0"}
			}
		},
		{
			"name": "body",
			"from": [7.4, 8.2, 18.5],
			"to": [8.6, 8.8, 25.45],
			"rotation": {"angle": 0, "axis": "y", "origin": [8, 8, 15.7]},
			"faces": {
				"east": {"uv": [0, 2, 6.95, 2.6], "texture": "#0"},
				"south": {"uv": [0, 9, 1.2, 9.6], "texture": "#0"},
				"west": {"uv": [0, 2, 6.95, 2.6], "texture": "#0"},
				"up": {"uv": [0, 0, 6.95, 1.2], "rotation": 90, "texture": "#0"}
			}
		},
		{
			"name": "body",
			"from": [7.1, 6.6, 17.5],
			"to": [8.9, 9.1, 17.9],
			"rotation": {"angle": 0, "axis": "y", "origin": [10, 8, 5]},
			"faces": {
				"north": {"uv": [0, 0, 6.9, 3.05], "texture": "#4"},
				"east": {"uv": [0, 0, 0.65, 3.05], "texture": "#4"},
				"south": {"uv": [0, 0, 6.9, 3.05], "texture": "#4"},
				"west": {"uv": [0, 0, 0.65, 3.05], "texture": "#4"},
				"up": {"uv": [0, 0, 0.65, 3.05], "rotation": 90, "texture": "#4"},
				"down": {"uv": [0, 0, 0.65, 3.05], "rotation": 90, "texture": "#4"}
			}
		},
		{
			"name": "bullet",
			"from": [7.76, 8.06, 7.11],
			"to": [8.24, 8.54, 9.09],
			"rotation": {"angle": 0, "axis": "y", "origin": [8, 8, 5.75]},
			"faces": {
				"north": {"uv": [14.75, 4.25, 15.999, 5.5], "texture": "#6"},
				"east": {"uv": [11, 7.25, 14.5, 8.25], "texture": "#6"},
				"south": {"uv": [14.75, 4.25, 15.999, 5.5], "texture": "#6"},
				"west": {"uv": [11, 6.75, 13.75, 7.75], "rotation": 180, "texture": "#6"},
				"up": {"uv": [11, 7.25, 13.75, 8.25], "rotation": 270, "texture": "#6"},
				"down": {"uv": [0, 8.25, 2.5, 10.25], "rotation": 270, "texture": "#6"}
			}
		},
		{
			"name": "bullet",
			"from": [7.81, 8.11, 8.56149],
			"to": [8.19, 8.49, 9.99149],
			"rotation": {"angle": 0, "axis": "y", "origin": [8, 8, 5.75]},
			"faces": {
				"north": {"uv": [0, 9, 0.5, 10.5], "texture": "#6"},
				"east": {"uv": [11.25, 10.25, 15, 11.5], "rotation": 180, "texture": "#6"},
				"south": {"uv": [13.75, 10.25, 14.999, 11.5], "rotation": 180, "texture": "#6"},
				"west": {"uv": [11.25, 10.25, 15, 11.5], "texture": "#6"},
				"up": {"uv": [11.25, 10.25, 15, 11.5], "rotation": 90, "texture": "#6"},
				"down": {"uv": [0, 8.25, 2.5, 10.25], "rotation": 270, "texture": "#6"}
			}
		},
		{
			"name": "latch",
			"from": [5.95619, 6.72567, 4.01],
			"to": [6.43619, 8.20567, 4.49],
			"rotation": {"angle": -22.5, "axis": "z", "origin": [6.88969, 7.37927, 3.05]},
			"faces": {
				"north": {"uv": [0, 0, 2.23, 0.73], "rotation": 90, "texture": "#3"},
				"east": {"uv": [0, 0, 2.23, 0.73], "rotation": 90, "texture": "#3"},
				"south": {"uv": [0, 0, 2.23, 0.73], "rotation": 90, "texture": "#3"},
				"west": {"uv": [0, 0, 2.23, 0.73], "rotation": 90, "texture": "#3"}
			}
		},
		{
			"name": "latch",
			"from": [6.3435, 8, 4],
			"to": [8.3435, 8.5, 4.5],
			"rotation": {"angle": 0, "axis": "y", "origin": [8, 8, 8.3]},
			"faces": {
				"north": {"uv": [0, 0, 2.23, 0.73], "texture": "#3"},
				"south": {"uv": [0, 0, 2.23, 0.73], "texture": "#3"},
				"up": {"uv": [0, 0, 2.23, 0.73], "texture": "#3"},
				"down": {"uv": [0, 0, 2.23, 0.73], "texture": "#3"}
			}
		},
		{
			"name": "latch",
			"from": [7.56, 7.76, 3.81],
			"to": [8.44, 8.64, 10.39],
			"rotation": {"angle": 0, "axis": "y", "origin": [8, 8, 8.25]},
			"faces": {
				"north": {"uv": [6, 8.75, 7.58, 9.628], "rotation": 90, "texture": "#3"},
				"east": {"uv": [6, 8.75, 15.83, 10.128], "texture": "#3"},
				"south": {"uv": [14.25, 8.75, 15.83, 9.627], "rotation": 90, "texture": "#3"},
				"west": {"uv": [6, 8.75, 15.83, 10.128], "texture": "#3"},
				"up": {"uv": [6, 8.75, 15.83, 10.128], "rotation": 90, "texture": "#3"},
				"down": {"uv": [6, 8.75, 15.83, 10.128], "rotation": 90, "texture": "#3"}
			}
		},
		{
			"name": "latch",
			"from": [5.3, 6.3, 3.85],
			"to": [6.25, 7.1, 4.65],
			"rotation": {"angle": -22.5, "axis": "z", "origin": [5.94194, 6.42669, 3.05]},
			"faces": {
				"north": {"uv": [15.25, 9, 15.999, 9.749], "rotation": 90, "texture": "#3"},
				"east": {"uv": [15.25, 9, 15.999, 9.749], "rotation": 90, "texture": "#3"},
				"south": {"uv": [15.25, 9, 15.999, 9.749], "rotation": 90, "texture": "#3"},
				"west": {"uv": [15.25, 9, 15.999, 9.749], "rotation": 90, "texture": "#3"},
				"up": {"uv": [15.25, 9, 15.999, 9.749], "rotation": 90, "texture": "#3"},
				"down": {"uv": [15.25, 9, 15.999, 9.749], "rotation": 90, "texture": "#3"}
			}
		},
		{
			"name": "magazine",
			"from": [7.35, 5.50068, 7.02118],
			"to": [8.65, 7.75068, 10.07118],
			"rotation": {"angle": -22.5, "axis": "x", "origin": [8.05, 6.25463, 8.67118]},
			"faces": {
				"north": {"uv": [9, 0, 7, 7.3], "texture": "#1"},
				"east": {"uv": [14.75, 0, 8.25, 7.3], "texture": "#1"},
				"south": {"uv": [9, 0, 7, 7.3], "texture": "#1"},
				"west": {"uv": [8.25, 0, 14.75, 7.3], "texture": "#1"},
				"down": {"uv": [12.5, 6, 10.5, 9.8], "texture": "#1"}
			}
		},
		{
			"name": "magazine",
			"from": [7.4, 6.09383, 9.75313],
			"to": [8.6, 6.59383, 10.25313],
			"rotation": {"angle": 0, "axis": "y", "origin": [9.99, 9.49383, 10.85313]},
			"faces": {
				"east": {"uv": [7.5, 0.5, 14, 7.8], "texture": "#1"},
				"south": {"uv": [9, 0, 7, 7.3], "texture": "#1"},
				"west": {"uv": [14, 0.5, 7.5, 7.8], "texture": "#1"},
				"down": {"uv": [12.5, 6, 10.5, 9.8], "texture": "#1"}
			}
		},
		{
			"name": "magazine",
			"from": [7.4, 4.92664, 6.9353],
			"to": [8.6, 6.92664, 7.4353],
			"rotation": {"angle": 0, "axis": "y", "origin": [10.99, 8.32664, 8.1353]},
			"faces": {
				"north": {"uv": [9, 3.5, 9.999, 6.999], "texture": "#1"},
				"east": {"uv": [9, 3.5, 9.999, 6.999], "texture": "#1"},
				"west": {"uv": [9.999, 3.5, 9, 6.999], "texture": "#1"},
				"down": {"uv": [12.5, 6, 10.5, 9.8], "texture": "#1"}
			}
		},
		{
			"name": "sight",
			"from": [7.7, 9.6, 25.8],
			"to": [8.3, 9.7, 26.6],
			"rotation": {"angle": 0, "axis": "y", "origin": [8, 8, 7]},
			"faces": {
				"north": {"uv": [0, 0, 0.9, 1.3], "rotation": 90, "texture": "#4"},
				"east": {"uv": [0, 0, 0.9, 1.3], "rotation": 90, "texture": "#4"},
				"south": {"uv": [0, 0, 0.9, 1.3], "rotation": 90, "texture": "#4"},
				"west": {"uv": [0, 0, 0.9, 1.3], "rotation": 90, "texture": "#4"},
				"up": {"uv": [0, 0, 0.9, 1.3], "texture": "#4"},
				"down": {"uv": [0, 0, 0.9, 1.3], "texture": "#4"}
			}
		},
		{
			"name": "sight",
			"from": [7.7, 9, 26.5],
			"to": [8.3, 9.6, 26.6],
			"rotation": {"angle": 0, "axis": "y", "origin": [8, 8, 7]},
			"faces": {
				"north": {"uv": [0, 0, 0.9, 1.3], "texture": "#4"},
				"east": {"uv": [0, 0, 0.9, 1.3], "texture": "#4"},
				"south": {"uv": [0, 0, 0.9, 1.3], "texture": "#4"},
				"west": {"uv": [0, 0, 0.9, 1.3], "texture": "#4"}
			}
		},
		{
			"name": "sight",
			"from": [7.7, 8.4, 25.8],
			"to": [8.3, 9, 26.6],
			"rotation": {"angle": 0, "axis": "y", "origin": [8, 8, 7]},
			"faces": {
				"north": {"uv": [0, 0, 0.9, 1.3], "texture": "#4"},
				"east": {"uv": [0, 0, 0.9, 1.3], "texture": "#4"},
				"south": {"uv": [0, 0, 0.9, 1.3], "texture": "#4"},
				"west": {"uv": [0, 0, 0.9, 1.3], "texture": "#4"},
				"up": {"uv": [0, 0, 0.9, 1.3], "texture": "#4"}
			}
		},
		{
			"name": "sight",
			"from": [7.7, 9, 25.8],
			"to": [8.3, 9.6, 25.9],
			"rotation": {"angle": 0, "axis": "y", "origin": [8, 8, 7]},
			"faces": {
				"north": {"uv": [0, 0, 0.9, 1.3], "texture": "#4"},
				"east": {"uv": [0, 0, 0.9, 1.3], "texture": "#4"},
				"south": {"uv": [0, 0, 0.9, 1.3], "texture": "#4"},
				"west": {"uv": [0, 0, 0.9, 1.3], "texture": "#4"}
			}
		},
		{
			"name": "tigger",
			"from": [7.735, 5.47588, 5.49108],
			"to": [8.265, 5.65588, 5.87108],
			"rotation": {"angle": 22.5, "axis": "x", "origin": [7.875, 5.66588, 5.68108]},
			"faces": {
				"north": {"uv": [0, 8.25, 0.53, 8.43], "texture": "#3"},
				"east": {"uv": [0, 8.25, 0.38, 8.43], "texture": "#3"},
				"south": {"uv": [0, 8.25, 0.53, 8.43], "texture": "#3"},
				"west": {"uv": [0, 8.25, 0.38, 8.43], "texture": "#3"},
				"up": {"uv": [0, 8.25, 0.38, 8.78], "rotation": 90, "texture": "#3"},
				"down": {"uv": [0, 8.25, 0.38, 8.78], "rotation": 90, "texture": "#3"}
			}
		},
		{
			"name": "tigger",
			"from": [7.725, 6.75, 4.6],
			"to": [8.275, 7.95, 4.8],
			"rotation": {"angle": -22.5, "axis": "x", "origin": [7.875, 8.25, 8]},
			"faces": {
				"north": {"uv": [0, 8.25, 1.2, 8.8], "rotation": 90, "texture": "#3"},
				"east": {"uv": [0, 8.25, 1.2, 8.45], "rotation": 90, "texture": "#3"},
				"south": {"uv": [0, 8.25, 1.2, 8.8], "rotation": 90, "texture": "#3"},
				"west": {"uv": [0, 8.25, 1.2, 8.45], "rotation": 90, "texture": "#3"},
				"down": {"uv": [0, 8.25, 0.55, 8.45], "texture": "#3"}
			}
		},
		{
			"name": "tigger",
			"from": [7.45, 4.9, 4.6],
			"to": [8.55, 5.1, 6.5],
			"rotation": {"angle": 0, "axis": "y", "origin": [8.05, 8, 8]},
			"faces": {
				"north": {"uv": [0, 0, 1.1, 0.2], "texture": "#4"},
				"east": {"uv": [0, 8, 1.9, 8.2], "texture": "#4"},
				"south": {"uv": [0, 0, 1.1, 0.2], "texture": "#4"},
				"west": {"uv": [0, 8, 1.9, 8.2], "texture": "#4"},
				"up": {"uv": [0, 8.5, 1.9, 9.6], "rotation": 270, "texture": "#4"},
				"down": {"uv": [0, 8.5, 1.9, 9.6], "rotation": 90, "texture": "#4"}
			}
		},
		{
			"name": "tigger",
			"from": [7.5, 5, 4.5],
			"to": [8.5, 6.5, 4.7],
			"rotation": {"angle": 0, "axis": "y", "origin": [8.1, 8, 8]},
			"faces": {
				"north": {"uv": [0, 8.5, 2, 9.5], "rotation": 90, "texture": "#4"},
				"east": {"uv": [0, 8, 2, 8.2], "rotation": 90, "texture": "#4"},
				"south": {"uv": [0, 8.5, 2, 9.5], "rotation": 90, "texture": "#4"},
				"west": {"uv": [0, 8, 2, 8.2], "rotation": 90, "texture": "#4"},
				"down": {"uv": [0, 8, 2.999, 8.197], "texture": "#4"}
			}
		},
		{
			"name": "tigger",
			"from": [7.5, 5.1, 6.5],
			"to": [8.5, 7.1, 6.8],
			"rotation": {"angle": 0, "axis": "y", "origin": [8.1, 8, 8]},
			"faces": {
				"north": {"uv": [0, 8.5, 2.5, 9.5], "rotation": 90, "texture": "#4"},
				"east": {"uv": [0, 8, 2.5, 8.3], "rotation": 90, "texture": "#4"},
				"west": {"uv": [0, 8, 2.5, 8.3], "rotation": 90, "texture": "#4"},
				"down": {"uv": [0, 8, 2.999, 8.197], "texture": "#4"}
			}
		}
	],
	"display": {
		"thirdperson_righthand": {
			"rotation": [180, 12, 180],
			"translation": [-2, 1.6, -3],
			"scale": [0.8, 0.8, 0.6]
		},
		"firstperson_righthand": {
			"rotation": [1, 169, -4],
			"translation": [7, 6.75, 0]
		},
		"ground": {
			"translation": [0, 5, 0],
			"scale": [0.5, 0.5, 0.5]
		},
		"gui": {
			"rotation": [-90, 60, 100],
			"translation": [-1.2, 1.25, 0],
			"scale": [0.15, 0.94, 0.63]
		},
		"fixed": {
			"rotation": [0, 90, 0],
			"translation": [-2.75, 0.5, -1.25],
			"scale": [1.3, 1.3, 1.3]
		}
	}
}