{
    "__comment": "Model generated using MrCrayfish's Model Creator (http://mrcrayfish.com/modelcreator/)",
    "textures": {
        "0": "block/black_wool"
    },
    "elements": [
        {
            "name": "Back",
            "from": [ 7.0, 6.0, -10.0 ], 
            "to": [ 9.0, 8.8, -9.3 ], 
            "faces": {
                "north": { "texture": "#0", "uv": [ 0.0, 0.0, 2.0, 2.8 ] },
                "east": { "texture": "#0", "uv": [ 0.0, 0.0, 0.7, 2.8 ] },
                "south": { "texture": "#0", "uv": [ 0.0, 0.0, 2.0, 2.8 ] },
                "west": { "texture": "#0", "uv": [ 0.0, 0.0, 0.7, 2.8 ] },
                "up": { "texture": "#0", "uv": [ 0.0, 0.0, 2.0, 0.7 ] },
                "down": { "texture": "#0", "uv": [ 0.0, 0.0, 2.0, 0.7 ] }
            }
        },
        {
            "name": "Back",
            "from": [ 7.0, -2.6, -7.9 ], 
            "to": [ 9.0, -0.6000000000000001, -7.2 ], 
            "rotation": { "origin": [ 8.0, 8.0, 8.0 ], "axis": "x", "angle": 22.5 },
            "faces": {
                "north": { "texture": "#0", "uv": [ 0.0, 0.0, 2.0, 2.0 ] },
                "east": { "texture": "#0", "uv": [ 0.0, 0.0, 0.7, 2.0 ] },
                "south": { "texture": "#0", "uv": [ 0.0, 0.0, 2.0, 2.0 ] },
                "west": { "texture": "#0", "uv": [ 0.0, 0.0, 0.7, 2.0 ] },
                "up": { "texture": "#0", "uv": [ 0.0, 0.0, 2.0, 0.7 ] },
                "down": { "texture": "#0", "uv": [ 0.0, 0.0, 2.0, 0.7 ] }
            }
        },
        {
            "name": "Back",
            "from": [ 7.0, 1.3, -8.3 ], 
            "to": [ 9.0, 2.0999999999999996, -7.6000000000000005 ], 
            "rotation": { "origin": [ 8.0, 8.0, 8.0 ], "axis": "x", "angle": 22.5 },
            "faces": {
                "north": { "texture": "#0", "uv": [ 0.0, 0.0, 2.0, 0.7999999999999998 ] },
                "east": { "texture": "#0", "uv": [ 0.0, 0.0, 0.7, 0.7999999999999998 ] },
                "south": { "texture": "#0", "uv": [ 0.0, 0.0, 2.0, 0.7999999999999998 ] },
                "west": { "texture": "#0", "uv": [ 0.0, 0.0, 0.7, 0.7999999999999998 ] },
                "up": { "texture": "#0", "uv": [ 0.0, 0.0, 2.0, 0.7 ] },
                "down": { "texture": "#0", "uv": [ 0.0, 0.0, 2.0, 0.7 ] }
            }
        },
        {
            "name": "Back",
            "from": [ 7.0, 7.1, -9.4 ], 
            "to": [ 9.0, 8.5, -8.700000000000001 ], 
            "faces": {
                "north": { "texture": "#0", "uv": [ 0.0, 0.0, 2.0, 1.4 ] },
                "east": { "texture": "#0", "uv": [ 0.0, 0.0, 0.7, 1.4 ] },
                "south": { "texture": "#0", "uv": [ 0.0, 0.0, 2.0, 1.4 ] },
                "west": { "texture": "#0", "uv": [ 0.0, 0.0, 0.7, 1.4 ] },
                "up": { "texture": "#0", "uv": [ 0.0, 0.0, 2.0, 0.7 ] },
                "down": { "texture": "#0", "uv": [ 0.0, 0.0, 2.0, 0.7 ] }
            }
        },
        {
            "name": "Back",
            "from": [ 7.0, -5.3, -4.0 ], 
            "to": [ 9.0, -4.5, -3.2 ], 
            "rotation": { "origin": [ 8.0, 8.0, 8.0 ], "axis": "x", "angle": 45.0 },
            "faces": {
                "north": { "texture": "#0", "uv": [ 0.0, 0.0, 2.0, 0.8 ] },
                "east": { "texture": "#0", "uv": [ 0.0, 0.0, 0.8, 0.8 ] },
                "south": { "texture": "#0", "uv": [ 0.0, 0.0, 2.0, 0.8 ] },
                "west": { "texture": "#0", "uv": [ 0.0, 0.0, 0.8, 0.8 ] },
                "up": { "texture": "#0", "uv": [ 0.0, 0.0, 2.0, 0.8 ] },
                "down": { "texture": "#0", "uv": [ 0.0, 0.0, 2.0, 0.8 ] }
            }
        },
        {
            "name": "Back",
            "from": [ 7.5, 7.2, -8.7 ], 
            "to": [ 8.5, 8.0, -0.9999999999999991 ], 
            "faces": {
                "north": { "texture": "#0", "uv": [ 0.0, 0.0, 1.0, 0.8 ] },
                "east": { "texture": "#0", "uv": [ 0.0, 0.0, 7.7, 0.8 ] },
                "south": { "texture": "#0", "uv": [ 0.0, 0.0, 1.0, 0.8 ] },
                "west": { "texture": "#0", "uv": [ 0.0, 0.0, 7.7, 0.8 ] },
                "up": { "texture": "#0", "uv": [ 0.0, 0.0, 1.0, 7.7 ] },
                "down": { "texture": "#0", "uv": [ 0.0, 0.0, 1.0, 7.7 ] }
            }
        },
        {
            "name": "Frame",
            "from": [ 7.0, 7.199999999999999, -1.0 ], 
            "to": [ 9.0, 8.2, 10.7 ], 
            "faces": {
                "north": { "texture": "#0", "uv": [ 0.0, 0.0, 2.0, 1.0 ] },
                "east": { "texture": "#0", "uv": [ 0.0, 0.0, 11.7, 1.0 ] },
                "south": { "texture": "#0", "uv": [ 0.0, 0.0, 2.0, 1.0 ] },
                "west": { "texture": "#0", "uv": [ 0.0, 0.0, 11.7, 1.0 ] },
                "up": { "texture": "#0", "uv": [ 0.0, 0.0, 2.0, 11.7 ] },
                "down": { "texture": "#0", "uv": [ 0.0, 0.0, 2.0, 11.7 ] }
            }
        },
        {
            "name": "Frame",
            "from": [ 7.5, 8.0, -2.0 ], 
            "to": [ 8.5, 8.3, -1.0 ], 
            "faces": {
                "north": { "texture": "#0", "uv": [ 0.0, 0.0, 1.0, 0.3 ] },
                "east": { "texture": "#0", "uv": [ 0.0, 0.0, 1.0, 0.3 ] },
                "south": { "texture": "#0", "uv": [ 0.0, 0.0, 1.0, 0.3 ] },
                "west": { "texture": "#0", "uv": [ 0.0, 0.0, 1.0, 0.3 ] },
                "up": { "texture": "#0", "uv": [ 0.0, 0.0, 1.0, 1.0 ] },
                "down": { "texture": "#0", "uv": [ 0.0, 0.0, 1.0, 1.0 ] }
            }
        },
        {
            "name": "Frame",
            "from": [ 7.2, 13.3, 1.6 ], 
            "to": [ 8.8, 14.600000000000001, 3.3 ], 
            "rotation": { "origin": [ 8.0, 8.0, 8.0 ], "axis": "x", "angle": -45.0 },
            "faces": {
                "north": { "texture": "#0", "uv": [ 0.0, 0.0, 1.6, 1.2999999999999998 ] },
                "east": { "texture": "#0", "uv": [ 0.0, 0.0, 1.7, 1.2999999999999998 ] },
                "south": { "texture": "#0", "uv": [ 0.0, 0.0, 1.6, 1.2999999999999998 ] },
                "west": { "texture": "#0", "uv": [ 0.0, 0.0, 1.7, 1.2999999999999998 ] },
                "up": { "texture": "#0", "uv": [ 0.0, 0.0, 1.6, 1.7 ] },
                "down": { "texture": "#0", "uv": [ 0.0, 0.0, 1.6, 1.7 ] }
            }
        },
        {
            "name": "Frame",
            "from": [ 7.2, 7.300000000000001, 0.0 ], 
            "to": [ 8.8, 9.4, 19.7 ], 
            "faces": {
                "north": { "texture": "#0", "uv": [ 0.0, 0.0, 1.6, 2.1 ] },
                "east": { "texture": "#0", "uv": [ 0.0, 0.0, 15.7, 2.1 ] },
                "south": { "texture": "#0", "uv": [ 0.0, 0.0, 1.6, 2.1 ] },
                "west": { "texture": "#0", "uv": [ 0.0, 0.0, 14.7, 2.1 ] },
                "up": { "texture": "#0", "uv": [ 0.0, 0.0, 1.6, 14.7 ] },
                "down": { "texture": "#0", "uv": [ 0.0, 0.0, 1.6, 14.7 ] }
            }
        },
        {
            "name": "Frame",
            "from": [ 7.2, 6.300000000000001, -1.5 ], 
            "to": [ 8.8, 7.200000000000001, 2.5 ], 
            "faces": {
                "north": { "texture": "#0", "uv": [ 0.0, 0.0, 1.6, 0.8999999999999999 ] },
                "east": { "texture": "#0", "uv": [ 0.0, 0.0, 4.0, 0.8999999999999999 ] },
                "south": { "texture": "#0", "uv": [ 0.0, 0.0, 1.6, 0.8999999999999999 ] },
                "west": { "texture": "#0", "uv": [ 0.0, 0.0, 4.0, 0.8999999999999999 ] },
                "up": { "texture": "#0", "uv": [ 0.0, 0.0, 1.6, 4.0 ] },
                "down": { "texture": "#0", "uv": [ 0.0, 0.0, 1.6, 4.0 ] }
            }
        },
        {
            "name": "Frame",
            "from": [ 7.1, 5.9, -1.5 ], 
            "to": [ 8.9, 7.800000000000001, -0.9 ], 
            "faces": {
                "north": { "texture": "#0", "uv": [ 0.0, 0.0, 1.8, 1.9 ] },
                "east": { "texture": "#0", "uv": [ 0.0, 0.0, 0.6, 1.9 ] },
                "south": { "texture": "#0", "uv": [ 0.0, 0.0, 1.8, 1.9 ] },
                "west": { "texture": "#0", "uv": [ 0.0, 0.0, 0.6, 1.9 ] },
                "up": { "texture": "#0", "uv": [ 0.0, 0.0, 1.8, 0.6 ] },
                "down": { "texture": "#0", "uv": [ 0.0, 0.0, 1.8, 0.6 ] }
            }
        },
        {
            "name": "Frame",
            "from": [ 7.1, 5.9, 1.0 ], 
            "to": [ 8.9, 6.300000000000001, 2.5 ], 
            "faces": {
                "north": { "texture": "#0", "uv": [ 0.0, 0.0, 1.8, 0.3999999999999999 ] },
                "east": { "texture": "#0", "uv": [ 0.0, 0.0, 1.5, 0.3999999999999999 ] },
                "south": { "texture": "#0", "uv": [ 0.0, 0.0, 1.8, 0.3999999999999999 ] },
                "west": { "texture": "#0", "uv": [ 0.0, 0.0, 1.5, 0.3999999999999999 ] },
                "up": { "texture": "#0", "uv": [ 0.0, 0.0, 1.8, 1.5 ] },
                "down": { "texture": "#0", "uv": [ 0.0, 0.0, 1.8, 1.5 ] }
            }
        },
        {
            "name": "Handle",
            "from": [ 7.2, 1.6, 4.5 ], 
            "to": [ 8.8, 2.5, 5.5 ], 
            "rotation": { "origin": [ 8.0, 8.0, 8.0 ], "axis": "x", "angle": 45.0 },
            "faces": {
                "north": { "texture": "#0", "uv": [ 0.0, 0.0, 1.6, 0.9 ] },
                "east": { "texture": "#0", "uv": [ 0.0, 0.0, 1.0, 0.9 ] },
                "south": { "texture": "#0", "uv": [ 0.0, 0.0, 1.6, 0.9 ] },
                "west": { "texture": "#0", "uv": [ 0.0, 0.0, 1.0, 0.9 ] },
                "up": { "texture": "#0", "uv": [ 0.0, 0.0, 1.6, 1.0 ] },
                "down": { "texture": "#0", "uv": [ 0.0, 0.0, 1.6, 1.0 ] }
            }
        },
        {
            "name": "Handle",
            "from": [ 7.2, 4.6, 1.5 ], 
            "to": [ 8.8, 5.8999999999999995, 2.5 ], 
            "faces": {
                "north": { "texture": "#0", "uv": [ 0.0, 0.0, 1.6, 1.3 ] },
                "east": { "texture": "#0", "uv": [ 0.0, 0.0, 1.0, 1.3 ] },
                "south": { "texture": "#0", "uv": [ 0.0, 0.0, 1.6, 1.3 ] },
                "west": { "texture": "#0", "uv": [ 0.0, 0.0, 1.0, 1.3 ] },
                "up": { "texture": "#0", "uv": [ 0.0, 0.0, 1.6, 1.0 ] },
                "down": { "texture": "#0", "uv": [ 0.0, 0.0, 1.6, 1.0 ] }
            }
        },
        {
            "name": "Handle",
            "from": [ 7.2, -0.4, 3.3 ], 
            "to": [ 8.8, 3.4, 5.199999999999999 ], 
            "rotation": { "origin": [ 8.0, 8.0, 8.0 ], "axis": "x", "angle": 22.5 },
            "faces": {
                "north": { "texture": "#0", "uv": [ 0.0, 0.0, 1.6, 3.8 ] },
                "east": { "texture": "#0", "uv": [ 0.0, 0.0, 1.9, 3.8 ] },
                "south": { "texture": "#0", "uv": [ 0.0, 0.0, 1.6, 3.8 ] },
                "west": { "texture": "#0", "uv": [ 0.0, 0.0, 1.9, 3.8 ] },
                "up": { "texture": "#0", "uv": [ 0.0, 0.0, 1.6, 1.9 ] },
                "down": { "texture": "#0", "uv": [ 0.0, 0.0, 1.6, 1.9 ] }
            }
        },
        {
            "name": "Handle",
            "from": [ 7.0, 4.8, 1.8 ], 
            "to": [ 9.0, 8.4, 8.200000000000001 ], 
            "faces": {
                "north": { "texture": "#0", "uv": [ 0.0, 0.0, 2.0, 3.6 ] },
                "east": { "texture": "#0", "uv": [ 0.0, 0.0, 6.4, 3.6 ] },
                "south": { "texture": "#0", "uv": [ 0.0, 0.0, 2.0, 3.6 ] },
                "west": { "texture": "#0", "uv": [ 0.0, 0.0, 6.4, 3.6 ] },
                "up": { "texture": "#0", "uv": [ 0.0, 0.0, 2.0, 6.4 ] },
                "down": { "texture": "#0", "uv": [ 0.0, 0.0, 2.0, 6.4 ] }
            }
        },
        {
            "name": "Handle",
            "from": [ 7.2, -0.4, 5.2 ], 
            "to": [ 8.8, -0.10000000000000003, 5.6000000000000005 ], 
            "rotation": { "origin": [ 8.0, 8.0, 8.0 ], "axis": "x", "angle": 22.5 },
            "faces": {
                "north": { "texture": "#0", "uv": [ 0.0, 0.0, 1.6, 0.3 ] },
                "east": { "texture": "#0", "uv": [ 0.0, 0.0, 0.4, 0.3 ] },
                "south": { "texture": "#0", "uv": [ 0.0, 0.0, 1.6, 0.3 ] },
                "west": { "texture": "#0", "uv": [ 0.0, 0.0, 0.4, 0.3 ] },
                "up": { "texture": "#0", "uv": [ 0.0, 0.0, 1.6, 0.4 ] },
                "down": { "texture": "#0", "uv": [ 0.0, 0.0, 1.6, 0.4 ] }
            }
        },
        {
            "name": "Frame",
            "from": [ 7.0, 5.0, 6.9 ], 
            "to": [ 9.0, 6.6, 8.700000000000001 ], 
            "rotation": { "origin": [ 8.0, 8.0, 8.0 ], "axis": "x", "angle": -22.5 },
            "faces": {
                "north": { "texture": "#0", "uv": [ 0.0, 0.0, 2.0, 1.6 ] },
                "east": { "texture": "#0", "uv": [ 0.0, 0.0, 1.8, 1.6 ] },
                "south": { "texture": "#0", "uv": [ 0.0, 0.0, 2.0, 1.6 ] },
                "west": { "texture": "#0", "uv": [ 0.0, 0.0, 1.8, 1.6 ] },
                "up": { "texture": "#0", "uv": [ 0.0, 0.0, 2.0, 1.8 ] },
                "down": { "texture": "#0", "uv": [ 0.0, 0.0, 2.0, 1.8 ] }
            }
        },
        {
            "name": "Frame",
            "from": [ 7.0, 5.5, 8.0 ], 
            "to": [ 9.0, 7.2, 9.8 ], 
            "faces": {
                "north": { "texture": "#0", "uv": [ 0.0, 0.0, 2.0, 1.7 ] },
                "east": { "texture": "#0", "uv": [ 0.0, 0.0, 1.8, 1.7 ] },
                "south": { "texture": "#0", "uv": [ 0.0, 0.0, 2.0, 1.7 ] },
                "west": { "texture": "#0", "uv": [ 0.0, 0.0, 1.8, 1.7 ] },
                "up": { "texture": "#0", "uv": [ 0.0, 0.0, 2.0, 1.8 ] },
                "down": { "texture": "#0", "uv": [ 0.0, 0.0, 2.0, 1.8 ] }
            }
        },
        {
            "name": "Frame",
            "from": [ 7.0, 5.8, 8.2 ], 
            "to": [ 9.0, 6.2, 9.0 ], 
            "rotation": { "origin": [ 8.0, 8.0, 8.0 ], "axis": "x", "angle": -45.0 },
            "faces": {
                "north": { "texture": "#0", "uv": [ 0.0, 0.0, 2.0, 0.4 ] },
                "east": { "texture": "#0", "uv": [ 0.0, 0.0, 0.8, 0.4 ] },
                "south": { "texture": "#0", "uv": [ 0.0, 0.0, 2.0, 0.4 ] },
                "west": { "texture": "#0", "uv": [ 0.0, 0.0, 0.8, 0.4 ] },
                "up": { "texture": "#0", "uv": [ 0.0, 0.0, 2.0, 0.8 ] },
                "down": { "texture": "#0", "uv": [ 0.0, 0.0, 2.0, 0.8 ] }
            }
        },
        {
            "name": "Mag",
            "from": [ 7.3, 0.2999999999999998, 7.0 ], 
            "to": [ 8.7, 5.0, 8.6 ], 
            "rotation": { "origin": [ 8.0, 8.0, 8.0 ], "axis": "x", "angle": -22.5 },
            "faces": {
                "north": { "texture": "#0", "uv": [ 0.0, 0.0, 1.4, 4.7 ] },
                "east": { "texture": "#0", "uv": [ 0.0, 0.0, 1.6, 4.7 ] },
                "south": { "texture": "#0", "uv": [ 0.0, 0.0, 1.4, 4.7 ] },
                "west": { "texture": "#0", "uv": [ 0.0, 0.0, 1.6, 4.7 ] },
                "up": { "texture": "#0", "uv": [ 0.0, 0.0, 1.4, 1.6 ] },
                "down": { "texture": "#0", "uv": [ 0.0, 0.0, 1.4, 1.6 ] }
            }
        },
        {
            "name": "Mag",
            "from": [ 7.3, -0.6, 4.2 ], 
            "to": [ 8.7, 1.2000000000000002, 5.800000000000001 ], 
            "rotation": { "origin": [ 8.0, 8.0, 8.0 ], "axis": "x", "angle": -45.0 },
            "faces": {
                "north": { "texture": "#0", "uv": [ 0.0, 0.0, 1.4, 1.8 ] },
                "east": { "texture": "#0", "uv": [ 0.0, 0.0, 1.6, 1.8 ] },
                "south": { "texture": "#0", "uv": [ 0.0, 0.0, 1.4, 1.8 ] },
                "west": { "texture": "#0", "uv": [ 0.0, 0.0, 1.6, 1.8 ] },
                "up": { "texture": "#0", "uv": [ 0.0, 0.0, 1.4, 1.6 ] },
                "down": { "texture": "#0", "uv": [ 0.0, 0.0, 1.4, 1.6 ] }
            }
        },
        {
            "name": "Trigger",
            "from": [ 7.5, 1.9, 5.2 ], 
            "to": [ 8.5, 2.1999999999999997, 6.2 ], 
            "rotation": { "origin": [ 8.0, 8.0, 8.0 ], "axis": "x", "angle": 22.5 },
            "faces": {
                "north": { "texture": "#0", "uv": [ 0.0, 0.0, 1.0, 0.3 ] },
                "east": { "texture": "#0", "uv": [ 0.0, 0.0, 1.0, 0.3 ] },
                "south": { "texture": "#0", "uv": [ 0.0, 0.0, 1.0, 0.3 ] },
                "west": { "texture": "#0", "uv": [ 0.0, 0.0, 1.0, 0.3 ] },
                "up": { "texture": "#0", "uv": [ 0.0, 0.0, 1.0, 1.0 ] },
                "down": { "texture": "#0", "uv": [ 0.0, 0.0, 1.0, 1.0 ] }
            }
        },
        {
            "name": "Trigger",
            "from": [ 7.5, 3.0, 4.0 ], 
            "to": [ 8.5, 3.3, 5.8 ], 
            "faces": {
                "north": { "texture": "#0", "uv": [ 0.0, 0.0, 1.0, 0.30000000000000004 ] },
                "east": { "texture": "#0", "uv": [ 0.0, 0.0, 1.8, 0.30000000000000004 ] },
                "south": { "texture": "#0", "uv": [ 0.0, 0.0, 1.0, 0.30000000000000004 ] },
                "west": { "texture": "#0", "uv": [ 0.0, 0.0, 1.8, 0.30000000000000004 ] },
                "up": { "texture": "#0", "uv": [ 0.0, 0.0, 1.0, 1.8 ] },
                "down": { "texture": "#0", "uv": [ 0.0, 0.0, 1.0, 1.8 ] }
            }
        },
        {
            "name": "Trigger",
            "from": [ 7.5, 6.0, 2.9 ], 
            "to": [ 8.5, 6.3, 3.6999999999999997 ], 
            "rotation": { "origin": [ 8.0, 8.0, 8.0 ], "axis": "x", "angle": -45.0 },
            "faces": {
                "north": { "texture": "#0", "uv": [ 0.0, 0.0, 1.0, 0.30000000000000004 ] },
                "east": { "texture": "#0", "uv": [ 0.0, 0.0, 0.7999999999999998, 0.30000000000000004 ] },
                "south": { "texture": "#0", "uv": [ 0.0, 0.0, 1.0, 0.30000000000000004 ] },
                "west": { "texture": "#0", "uv": [ 0.0, 0.0, 0.7999999999999998, 0.30000000000000004 ] },
                "up": { "texture": "#0", "uv": [ 0.0, 0.0, 1.0, 0.7999999999999998 ] },
                "down": { "texture": "#0", "uv": [ 0.0, 0.0, 1.0, 0.7999999999999998 ] }
            }
        },
        {
            "name": "Trigger",
            "from": [ 7.5, 3.5, 6.1 ], 
            "to": [ 8.5, 4.8, 6.3999999999999995 ], 
            "faces": {
                "north": { "texture": "#0", "uv": [ 0.0, 0.0, 1.0, 1.3 ] },
                "east": { "texture": "#0", "uv": [ 0.0, 0.0, 0.3, 1.3 ] },
                "south": { "texture": "#0", "uv": [ 0.0, 0.0, 1.0, 1.3 ] },
                "west": { "texture": "#0", "uv": [ 0.0, 0.0, 0.3, 1.3 ] },
                "up": { "texture": "#0", "uv": [ 0.0, 0.0, 1.0, 0.3 ] },
                "down": { "texture": "#0", "uv": [ 0.0, 0.0, 1.0, 0.3 ] }
            }
        },
        {
            "name": "Trigger",
            "from": [ 7.5, 3.9, 4.4 ], 
            "to": [ 8.5, 4.8, 4.7 ], 
            "faces": {
                "north": { "texture": "#0", "uv": [ 0.0, 0.0, 1.0, 0.9 ] },
                "east": { "texture": "#0", "uv": [ 0.0, 0.0, 0.3, 0.9 ] },
                "south": { "texture": "#0", "uv": [ 0.0, 0.0, 1.0, 0.9 ] },
                "west": { "texture": "#0", "uv": [ 0.0, 0.0, 0.3, 0.9 ] },
                "up": { "texture": "#0", "uv": [ 0.0, 0.0, 1.0, 0.3 ] },
                "down": { "texture": "#0", "uv": [ 0.0, 0.0, 1.0, 0.3 ] }
            }
        },
        {
            "name": "Trigger",
            "from": [ 7.5, 5.2, 3.1 ], 
            "to": [ 8.5, 5.6000000000000005, 3.4 ], 
            "rotation": { "origin": [ 8.0, 8.0, 8.0 ], "axis": "x", "angle": -22.5 },
            "faces": {
                "north": { "texture": "#0", "uv": [ 0.0, 0.0, 1.0, 0.4 ] },
                "east": { "texture": "#0", "uv": [ 0.0, 0.0, 0.3, 0.4 ] },
                "south": { "texture": "#0", "uv": [ 0.0, 0.0, 1.0, 0.4 ] },
                "west": { "texture": "#0", "uv": [ 0.0, 0.0, 0.3, 0.4 ] },
                "up": { "texture": "#0", "uv": [ 0.0, 0.0, 1.0, 0.3 ] },
                "down": { "texture": "#0", "uv": [ 0.0, 0.0, 1.0, 0.3 ] }
            }
        },
        {
            "name": "Front",
            "from": [ 7.0, 6.7, 10.7 ], 
            "to": [ 9.0, 8.8, 13.7 ], 
            "faces": {
                "north": { "texture": "#0", "uv": [ 0.0, 0.0, 2.0, 2.1 ] },
                "east": { "texture": "#0", "uv": [ 0.0, 0.0, 3.0, 2.1 ] },
                "south": { "texture": "#0", "uv": [ 0.0, 0.0, 2.0, 2.1 ] },
                "west": { "texture": "#0", "uv": [ 0.0, 0.0, 3.0, 2.1 ] },
                "up": { "texture": "#0", "uv": [ 0.0, 0.0, 2.0, 3.0 ] },
                "down": { "texture": "#0", "uv": [ 0.0, 0.0, 2.0, 3.0 ] }
            }
        },
        {
            "name": "Front",
            "from": [ 7.0, 6.9, 13.7 ], 
            "to": [ 9.0, 8.8, 16.7 ], 
            "faces": {
                "north": { "texture": "#0", "uv": [ 0.0, 0.0, 2.0, 1.9 ] },
                "east": { "texture": "#0", "uv": [ 0.0, 0.0, 3.0, 1.9 ] },
                "south": { "texture": "#0", "uv": [ 0.0, 0.0, 2.0, 1.9 ] },
                "west": { "texture": "#0", "uv": [ 0.0, 0.0, 3.0, 1.9 ] },
                "up": { "texture": "#0", "uv": [ 0.0, 0.0, 2.0, 3.0 ] },
                "down": { "texture": "#0", "uv": [ 0.0, 0.0, 2.0, 3.0 ] }
            }
        },
        {
            "name": "Front",
            "from": [ 7.0, 7.1, 16.7 ], 
            "to": [ 9.0, 8.799999999999999, 19.7 ], 
            "faces": {
                "north": { "texture": "#0", "uv": [ 0.0, 0.0, 2.0, 1.7 ] },
                "east": { "texture": "#0", "uv": [ 0.0, 0.0, 3.0, 1.7 ] },
                "south": { "texture": "#0", "uv": [ 0.0, 0.0, 2.0, 1.7 ] },
                "west": { "texture": "#0", "uv": [ 0.0, 0.0, 3.0, 1.7 ] },
                "up": { "texture": "#0", "uv": [ 0.0, 0.0, 2.0, 3.0 ] },
                "down": { "texture": "#0", "uv": [ 0.0, 0.0, 2.0, 3.0 ] }
            }
        },
        {
            "name": "Barrel",
            "from": [ 7.6, 7.3, 19.7 ], 
            "to": [ 8.4, 8.1, 22.7 ], 
            "faces": {
                "north": { "texture": "#0", "uv": [ 0.0, 0.0, 0.8, 0.8 ] },
                "east": { "texture": "#0", "uv": [ 0.0, 0.0, 3.0, 0.8 ] },
                "south": { "texture": "#0", "uv": [ 0.0, 0.0, 0.8, 0.8 ] },
                "west": { "texture": "#0", "uv": [ 0.0, 0.0, 3.0, 0.8 ] },
                "up": { "texture": "#0", "uv": [ 0.0, 0.0, 0.8, 3.0 ] },
                "down": { "texture": "#0", "uv": [ 0.0, 0.0, 0.8, 3.0 ] }
            }
        },
        {
            "name": "Barrel",
            "from": [ 7.5, 7.3, 19.9 ], 
            "to": [ 8.5, 9.8, 20.599999999999998 ], 
            "faces": {
                "north": { "texture": "#0", "uv": [ 0.0, 0.0, 1.0, 2.5 ] },
                "east": { "texture": "#0", "uv": [ 0.0, 0.0, 0.7, 2.5 ] },
                "south": { "texture": "#0", "uv": [ 0.0, 0.0, 1.0, 2.5 ] },
                "west": { "texture": "#0", "uv": [ 0.0, 0.0, 0.7, 2.5 ] },
                "up": { "texture": "#0", "uv": [ 0.0, 0.0, 1.0, 0.7 ] },
                "down": { "texture": "#0", "uv": [ 0.0, 0.0, 1.0, 0.7 ] }
            }
        },
        {
            "name": "Barrel",
            "from": [ 7.5, 4.8, 19.6 ], 
            "to": [ 8.5, 5.3999999999999995, 20.3 ], 
            "rotation": { "origin": [ 8.0, 8.0, 8.0 ], "axis": "x", "angle": -22.5 },
            "faces": {
                "north": { "texture": "#0", "uv": [ 0.0, 0.0, 1.0, 0.6 ] },
                "east": { "texture": "#0", "uv": [ 0.0, 0.0, 0.7, 0.6 ] },
                "south": { "texture": "#0", "uv": [ 0.0, 0.0, 1.0, 0.6 ] },
                "west": { "texture": "#0", "uv": [ 0.0, 0.0, 0.7, 0.6 ] },
                "up": { "texture": "#0", "uv": [ 0.0, 0.0, 1.0, 0.7 ] },
                "down": { "texture": "#0", "uv": [ 0.0, 0.0, 1.0, 0.7 ] }
            }
        },
        {
            "name": "Barrel",
            "from": [ 7.6, 9.1, 0.6999999999999993 ], 
            "to": [ 8.4, 9.6, 20.5 ], 
            "faces": {
                "north": { "texture": "#0", "uv": [ 0.0, 0.0, 0.8, 0.5 ] },
                "east": { "texture": "#0", "uv": [ 0.0, 0.0, 15.8, 0.5 ] },
                "south": { "texture": "#0", "uv": [ 0.0, 0.0, 0.8, 0.5 ] },
                "west": { "texture": "#0", "uv": [ 0.0, 0.0, 14.8, 0.5 ] },
                "up": { "texture": "#0", "uv": [ 0.0, 0.0, 0.8, 14.8 ] },
                "down": { "texture": "#0", "uv": [ 0.0, 0.0, 0.8, 14.8 ] }
            }
        },
        {
            "name": "Barrel",
            "from": [ 7.6, 9.6, 2.6999999999999993 ], 
            "to": [ 8.4, 10.4, 4.5 ], 
            "faces": {
                "north": { "texture": "#0", "uv": [ 0.0, 0.0, 0.8, 0.8 ] },
                "east": { "texture": "#0", "uv": [ 0.0, 0.0, 1.8000000000000007, 0.8 ] },
                "south": { "texture": "#0", "uv": [ 0.0, 0.0, 0.8, 0.8 ] },
                "west": { "texture": "#0", "uv": [ 0.0, 0.0, 1.8000000000000007, 0.8 ] },
                "up": { "texture": "#0", "uv": [ 0.0, 0.0, 0.8, 1.8000000000000007 ] },
                "down": { "texture": "#0", "uv": [ 0.0, 0.0, 0.8, 1.8000000000000007 ] }
            }
        },
        {
            "name": "Barrel",
            "from": [ 7.6, 8.1, 2.9 ], 
            "to": [ 8.4, 8.9, 3.9 ], 
            "rotation": { "origin": [ 8.0, 8.0, 8.0 ], "axis": "x", "angle": 22.5 },
            "faces": {
                "north": { "texture": "#0", "uv": [ 0.0, 0.0, 0.8, 0.8 ] },
                "east": { "texture": "#0", "uv": [ 0.0, 0.0, 1.0, 0.8 ] },
                "south": { "texture": "#0", "uv": [ 0.0, 0.0, 0.8, 0.8 ] },
                "west": { "texture": "#0", "uv": [ 0.0, 0.0, 1.0, 0.8 ] },
                "up": { "texture": "#0", "uv": [ 0.0, 0.0, 0.8, 1.0 ] },
                "down": { "texture": "#0", "uv": [ 0.0, 0.0, 0.8, 1.0 ] }
            }
        },
        {
            "name": "Barrel",
            "from": [ 7.6, 9.6, 16.4 ], 
            "to": [ 8.4, 9.9, 17.2 ], 
            "faces": {
                "north": { "texture": "#0", "uv": [ 0.0, 0.0, 0.8, 0.3 ] },
                "east": { "texture": "#0", "uv": [ 0.0, 0.0, 0.8000000000000007, 0.3 ] },
                "south": { "texture": "#0", "uv": [ 0.0, 0.0, 0.8, 0.3 ] },
                "west": { "texture": "#0", "uv": [ 0.0, 0.0, 0.8000000000000007, 0.3 ] },
                "up": { "texture": "#0", "uv": [ 0.0, 0.0, 0.8, 0.8000000000000007 ] },
                "down": { "texture": "#0", "uv": [ 0.0, 0.0, 0.8, 0.8000000000000007 ] }
            }
        }
    ],
"display": {
    "thirdperson_righthand": {
        "rotation": [ 180, 0, 180 ],
        "translation": [ 0, 2, 0 ],
        "scale": [ 0.65, 0.65, 0.65 ]
    },
    "ground": {
        "rotation": [ 0, 0, 0 ],
        "translation": [ 0, 0, 0 ],
        "scale": [ 0.6, 0.6, 0.6 ]
    },
    "fixed": {
        "rotation": [ 0, 90, 0 ],
        "translation": [ 0, 0, 0 ],
        "scale": [ 1, 1, 1 ]
    },
    "firstperson_righthand": {
        "rotation": [ 180, 0, 180 ],
        "translation": [ 0, 3, -3 ],
        "scale": [ 1, 1, 1]
    },
    "gui": {
        "rotation": [-30, -45, -20 ],
        "translation": [ 1.8, 0, 0 ],
        "scale": [ 0.6, 0.6, 0.6]
    }
}
}