{
    "parent":"item/wd/vorpal/base",
    "elements": [
        {
            "comment": "plank",
            "from": [ -6.4, 3.5, 4.4 ],
            "to": [ 22.4, 5.3, 11.6 ],
            "rotation": { "origin": [ 8.0, 16.1, 8.0 ], "axis": "y", "angle": -22.5 },
            "faces": {
                "north": { "uv": [ 0.0, 14.0, 10.0, 15.0 ], "texture": "#plank" },
                "south": { "uv": [ 0.0, 14.0, 10.0, 15.0 ], "texture": "#plank" },
                "east":  { "uv": [ 6.0, 14.0, 10.0, 15.0 ], "texture": "#plank" },
                "west":  { "uv": [ 6.0, 14.0, 10.0, 15.0 ], "texture": "#plank" },
                "up":    { "uv": [ 0.0, 6.0, 16.0, 10.0 ], "texture": "#plank" },
                "down":  { "uv": [ 0.0, 6.0, 16.0, 10.0 ], "texture": "#plank" }
            }
        },
        {
            "comment": "plank",
            "from": [ -6.4, 5.3, 4.4 ],
            "to": [ 22.4, 7.1, 11.6 ],
            "rotation": { "origin": [ 8.0, 1.7000000000000002, 8.0 ], "axis": "y", "angle": 22.5 },
            "faces": {
                "north": { "uv": [ 0.0, 13.0, 10.0, 14.0 ], "texture": "#plank" },
                "south": { "uv": [ 0.0, 13.0, 10.0, 14.0 ], "texture": "#plank" },
                "east":  { "uv": [ 6.0, 13.0, 10.0, 14.0 ], "texture": "#plank" },
                "west":  { "uv": [ 6.0, 13.0, 10.0, 14.0 ], "texture": "#plank" },
                "up":    { "uv": [ 0.0, 6.0, 16.0, 10.0 ], "texture": "#plank" },
                "down":  { "uv": [ 0.0, 6.0, 16.0, 10.0 ], "texture": "#plank" }
            }
        },
        {
            "comment": "plank",
            "from": [ -6.4, 7.1, 4.4 ],
            "to": [ 22.4, 8.9, 11.6 ],
            "faces": {
                "north": { "uv": [ 0.0, 12.0, 10.0, 13.0 ], "texture": "#plank" },
                "south": { "uv": [ 0.0, 12.0, 10.0, 13.0 ], "texture": "#plank" },
                "east":  { "uv": [ 6.0, 12.0, 10.0, 13.0 ], "texture": "#plank" },
                "west":  { "uv": [ 6.0, 12.0, 10.0, 13.0 ], "texture": "#plank" },
                "up":    { "uv": [ 0.0, 6.0, 16.0, 10.0 ], "texture": "#plank" },
                "down":  { "uv": [ 0.0, 6.0, 16.0, 10.0 ], "texture": "#plank" }
            }
        },
        {
            "comment": "plank",
            "from": [ -6.4, 8.9, 4.4 ],
            "to": [ 22.4, 10.7, 11.6 ],
            "rotation": { "origin": [ 8.0, 16.1, 8.0 ], "axis": "y", "angle": -22.5 },
            "faces": {
                "north": { "uv": [ 0.0, 11.0, 10.0, 12.0 ], "texture": "#plank" },
                "south": { "uv": [ 0.0, 11.0, 10.0, 12.0 ], "texture": "#plank" },
                "east":  { "uv": [ 6.0, 11.0, 10.0, 12.0 ], "texture": "#plank" },
                "west":  { "uv": [ 6.0, 11.0, 10.0, 12.0 ], "texture": "#plank" },
                "up":    { "uv": [ 0.0, 6.0, 16.0, 10.0 ], "texture": "#plank" },
                "down":  { "uv": [ 0.0, 6.0, 16.0, 10.0 ], "texture": "#plank" }
            }
        },
        {
            "comment": "plank",
            "from": [ -6.4, 10.7, 4.4 ],
            "to": [ 22.4, 12.5, 11.6 ],
            "rotation": { "origin": [ 8.0, 16.1, 8.0 ], "axis": "y", "angle": 22.5 },
            "faces": {
                "north": { "uv": [ 0.0, 10.0, 10.0, 11.0 ], "texture": "#plank" },
                "south": { "uv": [ 0.0, 10.0, 10.0, 11.0 ], "texture": "#plank" },
                "east":  { "uv": [ 6.0, 10.0, 10.0, 11.0 ], "texture": "#plank" },
                "west":  { "uv": [ 6.0, 10.0, 10.0, 11.0 ], "texture": "#plank" },
                "up":    { "uv": [ 0.0, 6.0, 16.0, 10.0 ], "texture": "#plank" },
                "down":  { "uv": [ 0.0, 6.0, 16.0, 10.0 ], "texture": "#plank" }
            }
        },
        {
            "comment": "string",
            "from": [ 7.1, 2.5999999999999996, 2.5999999999999996 ],
            "to": [ 8.9, 13.4, 13.4 ],
            "faces": {
                "north": { "uv": [ 7.5, 9.5, 11.0, 15.5 ], "texture": "#string" },
                "south": { "uv": [ 7.5, 9.5, 11.0, 15.5 ], "texture": "#string" },
                "east":  { "uv": [ 5.0, 9.5, 11.0, 15.5 ], "texture": "#string" },
                "west":  { "uv": [ 5.0, 9.5, 11.0, 15.5 ], "texture": "#string" },
                "up":    { "uv": [ 7.5, 5.0, 8.5, 11.0 ], "texture": "#string" },
                "down":  { "uv": [ 7.5, 5.0, 8.5, 11.0 ], "texture": "#string" }
            }
        }
    ],
    "display":{
        "firstperson_lefthand": {
            "rotation": [ 0.0, 80.0, 50.0 ],
            "translation": [ 0.0, 1.0, 3.0 ],
            "scale": [ -0.34, 0.34, 0.34 ]
        },
        "thirdperson_righthand": {
            "rotation": [ 90.0, -80.0, -170.0 ],
            "translation": [ -0.0, -2.5, -2.2 ],
            "scale": [ 0.5, 0.5, 0.5 ]
        },
		"ground": {
            "rotation": [ 0, 0, 0 ],
            "translation": [ 0, 3, 0],
            "scale":[ 0.25, 0.25, 0.25 ]
        },
        "fixed": {
            "rotation": [ -50.0, 50.0, -5.0 ],
            "translation": [ 0.0, 0.0, -2.0 ],
            "scale": [ 0.6, 0.6, 0.6 ]
        },
        "thirdperson_lefthand": {
            "rotation": [ 90.0, -80.0, -170.0 ],
            "translation": [ -0.0, -2.5, -2.2 ],
            "scale": [ -0.5, 0.5, 0.5 ]
        },
        "firstperson_righthand": {
            "rotation": [ 0.0, 80.0, 50.0 ],
            "translation": [ 0.0, 1.0, 3.0 ],
            "scale": [ 0.34, 0.34, 0.34 ]
        },
        "gui": {
            "rotation": [ 30.0, 225.0, 0.0 ],
            "translation": [ 0.0, 0.0, 0.0 ],
            "scale": [ 0.5, 0.5, 0.5 ]
        }

    }
}
