{
	"parent": "item/handheld_rod",
	"textures": {
		"layer0": "item/carrot_on_a_stick"
	},
	"overrides": [
		{"predicate": {"custom_model_data":1}, "model": "item/coas/medkit"},
		{"predicate": {"custom_model_data":2}, "model": "item/coas/adrenaline"},
		{"predicate": {"custom_model_data":3}, "model": "item/coas/guns/railgun"},
		{"predicate": {"custom_model_data":4}, "model": "item/coas/morphine"},
		{"predicate": {"custom_model_data":5}, "model": "item/coas/guns/anti-material_rifle"},
		{"predicate": {"custom_model_data":6}, "model": "item/coas/tranquiliser"},
		{"predicate": {"custom_model_data":7}, "model": "item/coas/guns/electrostasis_rifle"},
		{"predicate": {"custom_model_data":8}, "model": "item/coas/battery"},
		{"predicate": {"custom_model_data":9}, "model": "item/coas/wrench"},
		{"predicate": {"custom_model_data":10}, "model": "item/coas/handcuffs"},
		{"predicate": {"custom_model_data":11}, "model": "item/coas/handcuff_key"},
		{"predicate": {"custom_model_data":12}, "model": "item/coas/kc0"},
		{"predicate": {"custom_model_data":13}, "model": "item/coas/kc1"},
		{"predicate": {"custom_model_data":14}, "model": "item/coas/kc2"},
		{"predicate": {"custom_model_data":15}, "model": "item/coas/kc3"},
		{"predicate": {"custom_model_data":16}, "model": "item/coas/kc4"},
		{"predicate": {"custom_model_data":17}, "model": "item/coas/kc5"},
		{"predicate": {"custom_model_data":18}, "model": "item/coas/kc6"},
		{"predicate": {"custom_model_data":19}, "model": "item/coas/guns/assault_rifle"},
		{"predicate": {"custom_model_data":20}, "model": "item/coas/guns/bolt_action_rifle"},
		{"predicate": {"custom_model_data":21}, "model": "item/coas/guns/light_machine_gun"},
		{"predicate": {"custom_model_data":22}, "model": "item/coas/guns/burst_rifle"},
		{"predicate": {"custom_model_data":23}, "model": "item/coas/guns/m14"},
		{"predicate": {"custom_model_data":24}, "model": "item/coas/guns/submachine_gun"},
		{"predicate": {"custom_model_data":25}, "model": "item/coas/pda"},
		{"predicate": {"custom_model_data":26}, "model": "item/coas/icebag"},
		{"predicate": {"custom_model_data":27}, "model": "item/coas/benzodiazepine"},
		{"predicate": {"custom_model_data":28}, "model": "item/coas/guns/custom/zeus_x27"},
		{"predicate": {"custom_model_data":29}, "model": "item/coas/quantum_entangler"},
		{"predicate": {"custom_model_data":30}, "model": "item/coas/soul_encapsulator"},
		{"predicate": {"custom_model_data":31}, "model": "item/coas/brain"},
		{"predicate": {"custom_model_data":32}, "model": "item/coas/water_bottle"},
		{"predicate": {"custom_model_data":33}, "model": "item/coas/accessories/soul_amulet"},
		{"predicate": {"custom_model_data":34}, "model": "item/coas/guns/desert_eagle"},
		{"predicate": {"custom_model_data":35}, "model": "item/coas/guns/desert_fox"},
		{"predicate": {"custom_model_data":36}, "model": "item/coas/guns/vector"},
		{"predicate": {"custom_model_data":37}, "model": "item/coas/guns/minigun"},
		{"predicate": {"custom_model_data":38}, "model": "item/coas/guns/chemx_svd"},
		{"predicate": {"custom_model_data":39}, "model": "item/coas/drywood"},
		{"predicate": {"custom_model_data":40}, "model": "item/coas/guns/custom/rpg-7"},
		{"predicate": {"custom_model_data":41}, "model": "item/coas/guns/custom/flare_gun"},
		{"predicate": {"custom_model_data":42}, "model": "item/coas/guns/desert_falcon"},
		{"predicate": {"custom_model_data":43}, "model": "item/coas/guns/custom/staff"},
		{"predicate": {"custom_model_data":44}, "model": "item/coas/soul_lantern"},
		{"predicate": {"custom_model_data":45}, "model": "item/coas/flashlight"},
		{"predicate": {"custom_model_data":46}, "model": "item/coas/floppy_disk"},
		{"predicate": {"custom_model_data":47}, "model": "item/coas/zephyr"},
		{"predicate": {"custom_model_data":48}, "model": "item/coas/watch"},
		{"predicate": {"custom_model_data":49}, "model": "item/coas/mysts_edge"},
		{"predicate": {"custom_model_data":50}, "model": "item/coas/ultimatum"},
		{"predicate": {"custom_model_data":51}, "model": "item/coas/grenade"},
		{"predicate": {"custom_model_data":52}, "model": "item/coas/mining_laser"},
		{"predicate": {"custom_model_data":53}, "model": "item/coas/c4"},
		{"predicate": {"custom_model_data":54}, "model": "item/coas/shaped_glass"},
		{"predicate": {"custom_model_data":55}, "model": "item/coas/accessories/reactor_core"},
		{"predicate": {"custom_model_data":56}, "model": "item/coas/accessories/baskalisk_heart"},
		{"predicate": {"custom_model_data":57}, "model": "item/coas/guns/custom/supercharged_staff"},
		{"predicate": {"custom_model_data":58}, "model": "item/coas/teleporter"},
		{"predicate": {"custom_model_data":59}, "model": "item/coas/vaccine"},
		{"predicate": {"custom_model_data":60}, "model": "item/coas/tool_cupboard"},
		
		
		{"predicate": {"custom_model_data":100}, "model": "item/coas/mags/ak_30"},
		{"predicate": {"custom_model_data":101}, "model": "item/coas/mags/ak_30hv"},
		{"predicate": {"custom_model_data":102}, "model": "item/coas/mags/ak_75"},
		{"predicate": {"custom_model_data":103}, "model": "item/coas/mags/9mm_30"},
		{"predicate": {"custom_model_data":104}, "model": "item/coas/mags/.50ae"},
		{"predicate": {"custom_model_data":105}, "model": "item/coas/mags/stanag_20"},
		{"predicate": {"custom_model_data":106}, "model": "item/coas/mags/stanag_30"},
		{"predicate": {"custom_model_data":107}, "model": "item/coas/mags/p90"},
		{"predicate": {"custom_model_data":108}, "model": "item/coas/mags/m249"},
		{"predicate": {"custom_model_data":109}, "model": "item/coas/mags/betacmag"},
		{"predicate": {"custom_model_data":110}, "model": "item/coas/mags/ak_30inc"},
		{"predicate": {"custom_model_data":111}, "model": "item/coas/mags/9x39_20"},
		{"predicate": {"custom_model_data":112}, "model": "item/coas/mags/.50bmg_10"},
		{"predicate": {"custom_model_data":113}, "model": "item/coas/mags/ap_.50bmg_5"},
		
		{"predicate": {"custom_model_data":200}, "model": "item/coas/guns/usp"},
		{"predicate": {"custom_model_data":201}, "model": "item/coas/guns/hk416"},
		{"predicate": {"custom_model_data":202}, "model": "item/coas/guns/remington"},
		{"predicate": {"custom_model_data":203}, "model": "item/coas/guns/custom/mgl"},
		{"predicate": {"custom_model_data":204}, "model": "item/coas/guns/glock"},
		{"predicate": {"custom_model_data":205}, "model": "item/coas/guns/vss"},
		{"predicate": {"custom_model_data":206}, "model": "item/coas/guns/mp5a3"},
		{"predicate": {"custom_model_data":207}, "model": "item/coas/guns/mp5sd"},
		{"predicate": {"custom_model_data":208}, "model": "item/coas/guns/eoka"},
		
		{"predicate": {"custom_model_data":300}, "model": "item/coas/bags/coalition"},
		{"predicate": {"custom_model_data":301}, "model": "item/coas/bags/militia"},
		{"predicate": {"custom_model_data":302}, "model": "item/coas/bags/sabre"},
		{"predicate": {"custom_model_data":303}, "model": "item/coas/bags/myst"},
		{"predicate": {"custom_model_data":304}, "model": "item/coas/bags/soup_1"},
		
		{"predicate": {"custom_model_data":400}, "model": "item/coas/summons/slimy_eye"},
		
		{"predicate": {"custom_model_data":500}, "model": "item/coas/tomes/unbreaking"},
		
		{"predicate": {"custom_model_data":2000}, "model": "item/coas/guns/hk416/acog_noammo"},
		{"predicate": {"custom_model_data":2001}, "model": "item/coas/guns/hk416/acog_ads"},
		
		{"predicate": {"custom_model_data":2100}, "model": "item/coas/bmg_shell"},
		
		
		{"predicate": {"custom_model_data":2200}, "model": "item/coas/bitminer/cpu1"},
		{"predicate": {"custom_model_data":2201}, "model": "item/coas/bitminer/cpu2"},
		{"predicate": {"custom_model_data":2202}, "model": "item/coas/bitminer/cpu3"},
		
		{"predicate": {"custom_model_data":2203}, "model": "item/coas/bitminer/gpu1"},
		{"predicate": {"custom_model_data":2204}, "model": "item/coas/bitminer/gpu2"},
		{"predicate": {"custom_model_data":2205}, "model": "item/coas/bitminer/gpu3"},
		
		{"predicate": {"custom_model_data":2206}, "model": "item/coas/bitminer/hdd1"},
		{"predicate": {"custom_model_data":2207}, "model": "item/coas/bitminer/hdd2"},
		{"predicate": {"custom_model_data":2208}, "model": "item/coas/bitminer/hdd3"},
		
		{"predicate": {"custom_model_data":2209}, "model": "item/coas/bitminer/ram1"},
		{"predicate": {"custom_model_data":2210}, "model": "item/coas/bitminer/ram2"},
		{"predicate": {"custom_model_data":2211}, "model": "item/coas/bitminer/ram3"},
		{"predicate": {"custom_model_data":2212}, "model": "item/coas/bitminer/ram4"},
		{"predicate": {"custom_model_data":2213}, "model": "item/coas/bitminer/ram5"},
		{"predicate": {"custom_model_data":2214}, "model": "item/coas/bitminer/ram6"},
		
		{"predicate": {"custom_model_data":2215}, "model": "item/coas/bitminer/heatsink1"},
		{"predicate": {"custom_model_data":2216}, "model": "item/coas/bitminer/heatsink2"},
		{"predicate": {"custom_model_data":2217}, "model": "item/coas/bitminer/heatsink3"},
		
		{"predicate": {"custom_model_data":2218}, "model": "item/coas/bitminer/off"},
		{"predicate": {"custom_model_data":2219}, "model": "item/coas/bitminer/on"},
		
		{"predicate": {"custom_model_data":2220}, "model": "item/coas/bitminer/pln_card"},
		{"predicate": {"custom_model_data":2221}, "model": "item/coas/bitminer/smart_card"},
		{"predicate": {"custom_model_data":2222}, "model": "item/coas/bitminer/autosmart_pln_card"},
		
		
		{"predicate": {"custom_model_data":2300}, "model": "item/coas/random_blueprint"},
		{"predicate": {"custom_model_data":2301}, "model": "item/coas/blueprint"},
		
		
		
		{"predicate": {"custom_model_data":3000}, "model": "item/coas/materials/singlefire"},
		{"predicate": {"custom_model_data":3001}, "model": "item/coas/materials/burstfire"},
		{"predicate": {"custom_model_data":3002}, "model": "item/coas/materials/autofire"},
		
		
		
		{"predicate": {"custom_model_data":4000}, "model": "item/coas/accessories/ghastly_amulet"},
		{"predicate": {"custom_model_data":4001}, "model": "item/coas/accessories/winter_coat"},
		{"predicate": {"custom_model_data":4002}, "model": "item/coas/accessories/mana_cloak"},
		{"predicate": {"custom_model_data":4003}, "model": "item/coas/accessories/ice_cube"},
		{"predicate": {"custom_model_data":4004}, "model": "item/coas/accessories/clownfish_amulet"}
	]
}