{
	"credit": "Made with Blockbench",
	"textures": {
		"0": "block/extra/modeltexture/woodx64_2",
		"1": "block/extra/modeltexture/iron",
		"3": "block/extra/modeltexture/iron_3",
		"4": "block/extra/modeltexture/iron_1",
		"6": "block/extra/modeltexture/gun_details_1",
		"7": "block/extra/modeltexture/magazine_5",
		"particle": "block/extra/modeltexture/woodx64_2"
	},
	"elements": [
		{
			"name": "barrel",
			"from": [7.35, 7.41, 14.66],
			"to": [8.65, 8.71, 24.66],
			"rotation": {"angle": 0, "axis": "y", "origin": [7.94, 8, 8]},
			"faces": {
				"north": {"uv": [0, 8.5, 12, 9.78], "texture": "#4"},
				"east": {"uv": [10, 7.25, 0, 8.55], "rotation": 180, "texture": "#4"},
				"south": {"uv": [5.6, 2.75, 8.1, 5.25], "texture": "#6"},
				"west": {"uv": [0, 7.25, 10, 8.55], "rotation": 180, "texture": "#4"},
				"up": {"uv": [0, 7.25, 10, 8.55], "rotation": 270, "texture": "#4"},
				"down": {"uv": [0, 7.25, 10, 8.55], "rotation": 90, "texture": "#4"}
			}
		},
		{
			"name": "body",
			"from": [7.26, 7.31, 14.46],
			"to": [8.74, 8.79, 16.76],
			"rotation": {"angle": 0, "axis": "y", "origin": [1.95, 8, 8]},
			"faces": {
				"north": {"uv": [0, 0, 1.48, 1.48], "texture": "#1"},
				"east": {"uv": [0, 8.25, 1.48, 10.45], "rotation": 90, "texture": "#4"},
				"south": {"uv": [0, 0, 1.48, 1.48], "texture": "#1"},
				"west": {"uv": [0, 8.25, 1.48, 10.45], "rotation": 90, "texture": "#4"},
				"up": {"uv": [0, 8.25, 1.48, 10.45], "rotation": 180, "texture": "#4"},
				"down": {"uv": [0, 8.25, 1.48, 10.45], "texture": "#4"}
			}
		},
		{
			"name": "body",
			"from": [7.235, 7.66009, 14.85991],
			"to": [7.89, 8.44009, 16.45991],
			"rotation": {"angle": 0, "axis": "y", "origin": [2, 8, 8]},
			"faces": {
				"west": {"uv": [13, 14.25, 15, 15.28], "texture": "#1"}
			}
		},
		{
			"name": "body",
			"from": [7.35, 7.41, 5.66],
			"to": [8.65, 8.71, 14.66],
			"rotation": {"angle": 0, "axis": "y", "origin": [7.94, 8, 8]},
			"faces": {
				"north": {"uv": [0, 6.75, 1.3, 8.05], "texture": "#4"},
				"east": {"uv": [10, 7.25, 0, 8.55], "texture": "#4"},
				"south": {"uv": [0, 8.5, 12, 9.78], "texture": "#6"},
				"west": {"uv": [0, 7.25, 10, 8.55], "texture": "#4"},
				"up": {"uv": [0, 7.25, 10, 8.55], "rotation": 90, "texture": "#4"}
			}
		},
		{
			"name": "body",
			"from": [7, 6.3, 4.8],
			"to": [9, 7.9, 14.6],
			"rotation": {"angle": 0, "axis": "y", "origin": [7.999, 8, 8]},
			"faces": {
				"north": {"uv": [0, 13.75, 2, 15.35], "texture": "#0"},
				"east": {"uv": [0, 13.75, 9.8, 15.35], "texture": "#0"},
				"south": {"uv": [0, 13.75, 2, 15.35], "texture": "#0"},
				"west": {"uv": [0, 13.75, 9.8, 15.35], "texture": "#0"},
				"up": {"uv": [0, 13.75, 9.8, 15.35], "rotation": 90, "texture": "#0"},
				"down": {"uv": [9.8, 12.25, 0, 14.25], "rotation": 90, "texture": "#0"}
			}
		},
		{
			"name": "body",
			"from": [8.40901, 7.575, 12.8383],
			"to": [11.40901, 8.575, 14.3383],
			"rotation": {"angle": 45, "axis": "y", "origin": [11.5, 8.075, 15.5]},
			"faces": {
				"north": {"uv": [5.75, 7.5, 8.75, 8.5], "texture": "#4"},
				"east": {"uv": [5.75, 7.5, 7.25, 8.5], "texture": "#4"},
				"south": {"uv": [5.75, 7.5, 8.75, 8.5], "texture": "#4"},
				"up": {"uv": [11.75, 7, 14.75, 8.5], "texture": "#4"},
				"down": {"uv": [11.75, 7, 14.75, 8.5], "texture": "#4"}
			}
		},
		{
			"name": "butt",
			"from": [7.10607, 4.02135, 1.01],
			"to": [8.88607, 7.00135, 2.29],
			"rotation": {"angle": 45, "axis": "x", "origin": [8.09607, 5.11135, 1.49495]},
			"faces": {
				"north": {"uv": [2.98, 0, 0, 1.78], "rotation": 90, "texture": "#0"},
				"east": {"uv": [15.98, 14.75, 13, 16], "rotation": 270, "texture": "#0"},
				"south": {"uv": [2.98, 14.25, 0, 16], "rotation": 90, "texture": "#0"},
				"west": {"uv": [13, 14.75, 15.98, 16], "rotation": 270, "texture": "#0"},
				"down": {"uv": [1.78, 0, 0, 1.28], "texture": "#0"}
			}
		},
		{
			"name": "butt",
			"from": [7.05, 7.7, 2.4],
			"to": [8.95, 9.1, 5],
			"rotation": {"angle": -22.5, "axis": "x", "origin": [8.05, 8, 8]},
			"faces": {
				"north": {"uv": [1.9, 0, 0, 1.4], "texture": "#0", "cullface": "north"},
				"east": {"uv": [11.5, 12.25, 14.1, 13.65], "texture": "#0", "cullface": "west"},
				"west": {"uv": [14.1, 12.25, 11.5, 13.65], "texture": "#0", "cullface": "west"},
				"up": {"uv": [6.85, 12, 4.25, 13.9], "rotation": 90, "texture": "#0", "cullface": "up"},
				"down": {"uv": [2.6, 14, 0, 15.9], "rotation": 90, "texture": "#0", "cullface": "down"}
			}
		},
		{
			"name": "butt",
			"from": [7.01, 4.61, -2.89],
			"to": [8.99, 6.79, -0.11],
			"rotation": {"angle": 0, "axis": "y", "origin": [8.00032, 8, 8]},
			"faces": {
				"north": {"uv": [2.78, 3.5, 0, 5.48], "rotation": 90, "texture": "#0"},
				"east": {"uv": [3.75, 5.75, 6.53, 7.93], "texture": "#0"},
				"south": {"uv": [2.18, 0, 0, 1.98], "rotation": 90, "texture": "#0"},
				"west": {"uv": [6.53, 5.75, 3.75, 7.93], "texture": "#0"},
				"up": {"uv": [2.78, 3.5, 0, 5.48], "rotation": 90, "texture": "#0"},
				"down": {"uv": [1.98, 0, 0, 2.78], "texture": "#0"}
			}
		},
		{
			"name": "butt",
			"from": [7.005, 3.23446, -6.64077],
			"to": [8.995, 6.59, -2.9],
			"rotation": {"angle": 0, "axis": "y", "origin": [10.00532, 8, 8]},
			"faces": {
				"north": {"uv": [2.5, 5.75, 4.49, 9.10554], "texture": "#0"},
				"east": {"uv": [6.35, 5.75, 2.5, 9.08], "texture": "#0"},
				"south": {"uv": [0, 0.5, 1.98, 3.58], "texture": "#0"},
				"west": {"uv": [2.5, 5.75, 6.35, 9.08], "texture": "#0"},
				"up": {"uv": [12, 12.25, 15.85, 14.23], "rotation": 90, "texture": "#0"},
				"down": {"uv": [0, 0, 1.98, 6.1], "texture": "#0"}
			}
		},
		{
			"name": "butt",
			"from": [7, 10.14917, -7.83717],
			"to": [9, 11.64917, 2.06283],
			"rotation": {"angle": -22.5, "axis": "x", "origin": [8.002, 10.44917, 13.91283]},
			"faces": {
				"north": {"uv": [2, 14.5, 0, 16], "texture": "#0"},
				"east": {"uv": [0, 14.5, 9.9, 16], "texture": "#0"},
				"south": {"uv": [2, 14.5, 0, 16], "texture": "#0"},
				"west": {"uv": [9.9, 14.5, 0, 16], "texture": "#0"},
				"up": {"uv": [3, 11.5, 12.9, 13.5], "rotation": 90, "texture": "#0"},
				"down": {"uv": [0, 11.75, 9.9, 13.75], "rotation": 90, "texture": "#0"}
			}
		},
		{
			"name": "butt",
			"from": [7.02, 5.32, -0.48],
			"to": [8.98, 6.68, 0.88],
			"rotation": {"angle": 22.5, "axis": "x", "origin": [8, 5.80797, -0.13173]},
			"faces": {
				"east": {"uv": [1.36, 14.5, 0, 15.86], "texture": "#0"},
				"south": {"uv": [0, 0, 1.96, 1.36], "texture": "#0"},
				"west": {"uv": [0, 14.5, 1.36, 15.86], "texture": "#0"},
				"up": {"uv": [0, 0.25, 1.36, 2.21], "rotation": 90, "texture": "#0"},
				"down": {"uv": [0, 0, 1.96, 1.36], "texture": "#0"}
			}
		},
		{
			"name": "butt",
			"from": [7.12, 4.39256, 0.00227],
			"to": [8.88, 6.50256, 1.66227],
			"rotation": {"angle": 22.5, "axis": "x", "origin": [8.1, 5.03033, -0.06941]},
			"faces": {
				"north": {"uv": [2.048, 12, 0, 14.847], "texture": "#0"},
				"east": {"uv": [0, 12.5, 1.66, 14.61], "texture": "#0"},
				"south": {"uv": [5.55, 7.75, 0, 13.599], "texture": "#0"},
				"west": {"uv": [1.66, 12.5, 0, 14.61], "texture": "#0"},
				"down": {"uv": [15.91, 12.25, 14.25, 14], "rotation": 90, "texture": "#0"}
			}
		},
		{
			"name": "hammer",
			"from": [7.58109, 7.81722, 5.00163],
			"to": [8.48109, 8.01722, 6.60163],
			"rotation": {"angle": 0, "axis": "z", "origin": [8, 9.05, 24.05]},
			"faces": {
				"north": {"uv": [0, 7, 0.6, 7.2], "texture": "#3"},
				"east": {"uv": [0, 7, 2.6, 7.2], "texture": "#3"},
				"south": {"uv": [0, 0, 0, 0], "texture": "#3"},
				"west": {"uv": [0, 7, 2.6, 7.2], "texture": "#3"},
				"up": {"uv": [15, 6.25, 15.9, 7.85], "texture": "#3"}
			}
		},
		{
			"name": "hammer",
			"from": [7.73136, 6.30255, 4.74248],
			"to": [8.33136, 7.50255, 5.34248],
			"rotation": {"angle": -45, "axis": "x", "origin": [8.0274, 8.32198, 4.05057]},
			"faces": {
				"north": {"uv": [0, 6, 0.6, 7.2], "texture": "#3"},
				"east": {"uv": [0, 6, 0.6, 7.2], "texture": "#3"},
				"south": {"uv": [0, 6, 0.6, 7.2], "texture": "#3"},
				"west": {"uv": [0, 6, 0.6, 7.2], "texture": "#3"},
				"up": {"uv": [15, 3.5, 15.85, 4.7], "texture": "#3"},
				"down": {"uv": [0, 0, 0, 0], "texture": "#3"}
			}
		},
		{
			"name": "latch",
			"from": [6.03327, 7.94139, 8.60032],
			"to": [7.33327, 8.24139, 8.90032],
			"rotation": {"angle": 0, "axis": "y", "origin": [16.1565, 8, 8]},
			"faces": {
				"north": {"uv": [14.5, 6.25, 16, 6.75], "texture": "#3"},
				"south": {"uv": [14.5, 6.25, 16, 6.75], "texture": "#3"},
				"west": {"uv": [14.5, 6.25, 15, 6.75], "texture": "#3"},
				"up": {"uv": [14.5, 6.25, 16, 6.75], "texture": "#3"},
				"down": {"uv": [14.5, 6.25, 16, 6.75], "texture": "#3"}
			}
		},
		{
			"name": "latch",
			"from": [7.30827, 7.94126, 8.60046],
			"to": [7.40827, 8.24126, 13.90046],
			"rotation": {"angle": 0, "axis": "y", "origin": [16.1565, 8, 8]},
			"faces": {
				"north": {"uv": [0, 15.5, 0.5, 16], "texture": "#1"},
				"south": {"uv": [0, 15.5, 0.5, 16], "texture": "#1"},
				"west": {"uv": [0, 15.5, 0.5, 16], "texture": "#1"},
				"up": {"uv": [0, 15.5, 0.5, 16], "texture": "#1"},
				"down": {"uv": [0, 15.5, 0.5, 16], "texture": "#1"}
			}
		},
		{
			"name": "magazine",
			"from": [14.03105, 7.575, 13.54029],
			"to": [17.03105, 10.575, 15.04029],
			"rotation": {"angle": -22.5, "axis": "y", "origin": [16.5, 9.075, 10.75]},
			"faces": {
				"north": {"uv": [5.5, 0.5, 0.5, 5.5], "texture": "#7"},
				"east": {"uv": [0, 6.5, 3, 8], "texture": "#7"},
				"south": {"uv": [0.5, 0.5, 5.5, 5.5], "texture": "#7"},
				"west": {"uv": [0, 6.5, 3, 8], "texture": "#7"},
				"up": {"uv": [0, 6.5, 3, 7.5], "rotation": 90, "texture": "#7"},
				"down": {"uv": [0, 6.5, 3, 7.5], "rotation": 90, "texture": "#7"}
			}
		},
		{
			"name": "magazine",
			"from": [13.78105, 8.075, 13.59029],
			"to": [17.28105, 10.075, 14.99029],
			"rotation": {"angle": -22.5, "axis": "y", "origin": [16.5, 9.075, 10.75]},
			"faces": {
				"north": {"uv": [6, 1.5, 0, 4.5], "texture": "#7"},
				"east": {"uv": [0, 6.5, 3, 8], "texture": "#7"},
				"south": {"uv": [0, 1.5, 6, 4.5], "texture": "#7"},
				"west": {"uv": [0, 6.5, 3, 8], "texture": "#7"},
				"up": {"uv": [0, 6.5, 3, 7.5], "rotation": 90, "texture": "#7"},
				"down": {"uv": [0, 6.5, 3, 7.5], "rotation": 90, "texture": "#7"}
			}
		},
		{
			"name": "magazine",
			"from": [14.53105, 7.325, 13.59029],
			"to": [16.53105, 10.825, 14.99029],
			"rotation": {"angle": -22.5, "axis": "y", "origin": [16.5, 9.075, 10.75]},
			"faces": {
				"north": {"uv": [4.5, 0, 1.5, 6], "texture": "#7"},
				"east": {"uv": [0, 6.5, 3, 7.5], "texture": "#7"},
				"south": {"uv": [1.5, 0, 4.5, 6], "texture": "#7"},
				"west": {"uv": [0, 6.5, 3, 7.5], "texture": "#7"},
				"up": {"uv": [0, 6.5, 3, 7.5], "rotation": 90, "texture": "#7"},
				"down": {"uv": [0, 6.5, 3, 7.5], "rotation": 90, "texture": "#7"}
			}
		},
		{
			"name": "magazine",
			"from": [11.23744, 7.675, 12.9383],
			"to": [14.54038, 8.475, 14.22114],
			"rotation": {"angle": 45, "axis": "y", "origin": [11.5, 8.075, 15.5]},
			"faces": {
				"north": {"uv": [0, 9, 3.3, 10], "texture": "#4"},
				"east": {"uv": [0, 8.75, 1, 9.95], "rotation": 90, "texture": "#4"},
				"south": {"uv": [0, 9, 3.3, 10], "texture": "#4"},
				"up": {"uv": [0, 8.75, 3.3, 9.95], "rotation": 180, "texture": "#4"},
				"down": {"uv": [0, 8.75, 3.3, 9.95], "rotation": 180, "texture": "#4"}
			}
		},
		{
			"name": "magazine",
			"from": [13.54038, 7.675, 14.22114],
			"to": [14.54038, 8.475, 14.77114],
			"rotation": {"angle": 45, "axis": "y", "origin": [11.5, 8.075, 15.5]},
			"faces": {
				"east": {"uv": [0, 9, 0.55, 10], "texture": "#4"},
				"south": {"uv": [0, 9, 0.55, 10], "texture": "#4"},
				"west": {"uv": [0, 9, 0.55, 10], "texture": "#4"},
				"up": {"uv": [0, 9, 1, 9.55], "texture": "#4"},
				"down": {"uv": [0, 9, 1, 9.55], "texture": "#4"}
			}
		},
		{
			"name": "sight",
			"from": [7.95, 8.85, 23.75],
			"to": [8.05, 9.45, 24.35],
			"rotation": {"angle": 0, "axis": "y", "origin": [8, 9.3, 23.05]},
			"faces": {
				"north": {"uv": [0, 0, 0.1, 0.6], "texture": "#1"},
				"east": {"uv": [0, 0, 0.6, 0.6], "texture": "#1"},
				"south": {"uv": [0, 0, 0.1, 0.6], "texture": "#1"},
				"west": {"uv": [0, 0, 0.6, 0.6], "texture": "#1"},
				"up": {"uv": [0, 0, 0.6, 0.1], "rotation": 90, "texture": "#1"}
			}
		},
		{
			"name": "sight",
			"from": [7.72936, 8.89746, 8.25196],
			"to": [8.32936, 9.24746, 8.35196],
			"rotation": {"angle": 0, "axis": "y", "origin": [8.02601, 9.12198, 9.05196]},
			"faces": {
				"north": {"uv": [0, 0, 0.6, 0.6], "texture": "#1"},
				"east": {"uv": [0, 0, 0.1, 0.6], "texture": "#1"},
				"south": {"uv": [0, 0, 0.6, 0.6], "texture": "#1"},
				"west": {"uv": [0, 0, 0.1, 0.6], "texture": "#1"},
				"up": {"uv": [0, 0, 0.6, 0.1], "rotation": 180, "texture": "#1"}
			}
		},
		{
			"name": "sight",
			"from": [8.12945, 9.24746, 8.25187],
			"to": [8.32945, 9.49746, 8.35187],
			"rotation": {"angle": 0, "axis": "y", "origin": [8.0261, 9.07198, 9.05187]},
			"faces": {
				"north": {"uv": [0, 0, 0.6, 0.6], "texture": "#1"},
				"east": {"uv": [0, 0, 0.1, 0.6], "texture": "#1"},
				"south": {"uv": [0, 0, 0.6, 0.6], "texture": "#1"},
				"west": {"uv": [0, 0, 0.1, 0.6], "texture": "#1"},
				"up": {"uv": [0, 0, 0.6, 0.1], "rotation": 180, "texture": "#1"}
			}
		},
		{
			"name": "sight",
			"from": [7.72936, 9.24756, 8.25186],
			"to": [7.92936, 9.49756, 8.35186],
			"rotation": {"angle": 0, "axis": "y", "origin": [8.03272, 9.07208, 9.05186]},
			"faces": {
				"north": {"uv": [0.6, 0, 0, 0.6], "texture": "#1"},
				"east": {"uv": [0.1, 0, 0, 0.6], "texture": "#1"},
				"south": {"uv": [0.6, 0, 0, 0.6], "texture": "#1"},
				"west": {"uv": [0.1, 0, 0, 0.6], "texture": "#1"},
				"up": {"uv": [0.6, 0, 0, 0.1], "rotation": 180, "texture": "#1"}
			}
		},
		{
			"name": "sight",
			"from": [7.7, 8.65, 23.75],
			"to": [8.3, 8.85, 24.35],
			"rotation": {"angle": 0, "axis": "z", "origin": [8, 9.05, 24.05]},
			"faces": {
				"north": {"uv": [0, 0, 0.1, 0.6], "rotation": 90, "texture": "#1"},
				"east": {"uv": [0, 0, 0.6, 0.1], "rotation": 180, "texture": "#1"},
				"south": {"uv": [0, 0, 0.1, 0.6], "rotation": 270, "texture": "#1"},
				"west": {"uv": [0, 0, 0.6, 0.1], "texture": "#1"},
				"up": {"uv": [0, 0, 0.6, 0.6], "rotation": 270, "texture": "#1"}
			}
		},
		{
			"name": "sight",
			"from": [7.72787, 8.62202, 7.75005],
			"to": [8.32787, 8.92202, 10.35005],
			"rotation": {"angle": 0, "axis": "z", "origin": [8, 9.05, 24.05]},
			"faces": {
				"north": {"uv": [0, 7, 0.6, 7.2], "texture": "#4"},
				"east": {"uv": [0, 7, 2.6, 7.2], "texture": "#4"},
				"south": {"uv": [0, 7, 0.6, 7.2], "texture": "#4"},
				"west": {"uv": [0, 7, 2.6, 7.2], "texture": "#4"},
				"up": {"uv": [0, 5.75, 0.6, 8.35], "texture": "#4"}
			}
		},
		{
			"name": "tigger",
			"from": [7.4, 4.95, 5.35],
			"to": [8.6, 6.3, 5.55],
			"faces": {
				"north": {"uv": [0, 8.75, 1.9, 9.95], "rotation": 90, "texture": "#4"},
				"east": {"uv": [0, 7, 0.2, 8.35], "texture": "#4"},
				"south": {"uv": [0, 8.75, 1.9, 9.95], "rotation": 90, "texture": "#4"},
				"west": {"uv": [0, 7, 0.2, 8.35], "texture": "#4"},
				"down": {"uv": [0, 0, 7.15, 1.05], "texture": "#4"}
			}
		},
		{
			"name": "tigger",
			"from": [7.425, 4.84506, 7.72812],
			"to": [8.575, 5.04506, 8.12812],
			"rotation": {"angle": -45, "axis": "x", "origin": [8.075, 4.52039, 7.84522]},
			"faces": {
				"north": {"uv": [0, 0, 7.15, 1.05], "texture": "#4"},
				"east": {"uv": [0, 7.5, 0.2, 7.9], "texture": "#4"},
				"south": {"uv": [0, 0, 7.15, 1.05], "texture": "#4"},
				"west": {"uv": [0, 7.5, 0.2, 7.9], "texture": "#4"},
				"up": {"uv": [0, 8.75, 0.4, 9.85], "rotation": 90, "texture": "#4"},
				"down": {"uv": [0, 8.75, 0.4, 9.85], "rotation": 90, "texture": "#4"}
			}
		},
		{
			"name": "tigger",
			"from": [7.4, 4.95, 7.61569],
			"to": [8.6, 6.3, 7.81569],
			"rotation": {"angle": 0, "axis": "y", "origin": [8, 8, 8.06569]},
			"faces": {
				"north": {"uv": [0, 8.75, 1.9, 9.95], "rotation": 90, "texture": "#4"},
				"east": {"uv": [0, 7, 0.2, 8.35], "texture": "#4"},
				"south": {"uv": [0, 8.75, 1.9, 9.95], "rotation": 90, "texture": "#4"},
				"west": {"uv": [0, 7, 0.2, 8.35], "texture": "#4"},
				"down": {"uv": [0, 0, 7.15, 1.05], "texture": "#4"}
			}
		},
		{
			"name": "tigger",
			"from": [7.4, 4.66716, 5.63284],
			"to": [8.6, 4.86716, 7.53284],
			"rotation": {"angle": 0, "axis": "y", "origin": [8, 8.01716, 8.03284]},
			"faces": {
				"north": {"uv": [0, 7.5, 1.2, 7.7], "texture": "#4"},
				"east": {"uv": [0, 7.5, 1.9, 7.7], "texture": "#4"},
				"south": {"uv": [0, 7.5, 1.2, 7.7], "texture": "#4"},
				"west": {"uv": [0, 7.5, 1.9, 7.7], "texture": "#4"},
				"up": {"uv": [0, 8.75, 1.9, 9.95], "rotation": 90, "texture": "#4"},
				"down": {"uv": [0, 8.75, 1.9, 9.95], "rotation": 90, "texture": "#4"}
			}
		},
		{
			"name": "tigger",
			"from": [7.59894, 5.56038, 6.19196],
			"to": [8.39894, 6.36038, 6.39196],
			"faces": {
				"north": {"uv": [15, 6.25, 15.8, 7.05], "texture": "#3"},
				"east": {"uv": [15, 6.25, 15.2, 7.05], "texture": "#3"},
				"south": {"uv": [15, 6.25, 15.8, 7.05], "texture": "#3"},
				"west": {"uv": [15, 6.25, 15.2, 7.05], "texture": "#3"},
				"down": {"uv": [0, 8.25, 1.25, 9.5], "texture": "#3"}
			}
		},
		{
			"name": "tigger",
			"from": [7.5975, 5.44309, 6.49661],
			"to": [8.4025, 5.82309, 6.67661],
			"rotation": {"angle": -45, "axis": "x", "origin": [8.0125, 5.32399, 6.6614]},
			"faces": {
				"north": {"uv": [15, 6.25, 15.73, 6.63], "texture": "#3"},
				"east": {"uv": [15, 6.25, 15.18, 6.63], "texture": "#3"},
				"south": {"uv": [15, 6.25, 15.73, 6.63], "texture": "#3"},
				"west": {"uv": [15, 6.25, 15.18, 6.63], "texture": "#3"},
				"down": {"uv": [15, 6.25, 15.73, 6.43], "texture": "#3"}
			}
		},
		{
			"name": "tigger",
			"from": [7.425, 4.75213, 5.78377],
			"to": [8.575, 5.15213, 5.98377],
			"rotation": {"angle": -45, "axis": "x", "origin": [8.075, 4.52746, 5.81087]},
			"faces": {
				"north": {"uv": [0, 8.75, 0.4, 9.85], "rotation": 90, "texture": "#4"},
				"east": {"uv": [0, 7.5, 0.2, 7.9], "texture": "#4"},
				"south": {"uv": [0, 8.75, 0.4, 9.85], "rotation": 90, "texture": "#4"},
				"west": {"uv": [0, 7.5, 0.2, 7.9], "texture": "#4"},
				"up": {"uv": [0, 0, 7.15, 1.05], "texture": "#4"},
				"down": {"uv": [0, 0, 7.15, 1.05], "rotation": 180, "texture": "#4"}
			}
		}
	],
	"display": {
		"thirdperson_righthand": {
			"rotation": [-180, 11, 180],
			"translation": [-1.75, 1.85, -2.5],
			"scale": [0.8, 0.8, 0.8]
		},
		"thirdperson_lefthand": {
			"rotation": [0, 180, 0],
			"translation": [-1, 2.1, -3.25],
			"scale": [0.8, 0.8, 0.8]
		},
		"firstperson_righthand": {
			"rotation": [3.5, 166, -18],
			"translation": [8.75, 3.25, 1],
			"scale": [1, 1, 0.85]
		},
		"ground": {
			"translation": [0, 3.25, -2.5],
			"scale": [0.6, 0.6, 0.6]
		},
		"gui": {
			"rotation": [-90, 50, 90],
			"translation": [-0.9, 0.5, 0],
			"scale": [0.87, 0.7, 0.69]
		}
	}
}