{
	"__comment": "AK47 Model made by HUNAJAMELONI",
	"textures": {
		"texture": "item/coas/guns/assault_rifle"
	},
	"elements": [
		{
			"from": [ 0, 11.5, 4 ],
			"to": [ 5, 12, 4.5625 ],
			"faces": {
				"down": { "uv": [ 13, 4, 14.5, 4.5 ], "texture": "#texture" },
				"up": { "uv": [ 13, 4, 14.5, 4.5 ], "texture": "#texture" },
				"north": { "uv": [ 13, 4, 14.5, 4.5 ], "texture": "#texture" },
				"south": { "uv": [ 13, 4, 14.5, 4.5 ], "texture": "#texture" },
				"west": { "uv": [ 13.5, 4, 14.0625, 4.5 ], "texture": "#texture" },
				"east": { "uv": [ 13.5, 4, 14.0625, 4.5 ], "texture": "#texture" }
			}
		},
		{
			"from": [ 2.0625, 11.25, 4 ],
			"to": [ 4.0625, 11.75, 4.5625 ],
			"rotation": { "origin": [ 2.0625, 11.75, 4 ], "axis": "z", "angle": 45 },
			"faces": {
				"down": { "uv": [ 13, 4, 14.5, 4.5 ], "texture": "#texture" },
				"up": { "uv": [ 13, 4, 14.5, 4.5 ], "texture": "#texture" },
				"north": { "uv": [ 13, 4, 14.5, 4.5 ], "texture": "#texture" },
				"south": { "uv": [ 13, 4, 14.5, 4.5 ], "texture": "#texture" },
				"west": { "uv": [ 13.5, 4, 14.0625, 4.5 ], "texture": "#texture" },
				"east": { "uv": [ 13.5, 4, 14.0625, 4.5 ], "texture": "#texture" }
			}
		},
		{
			"from": [ 3.375, 12.5625, 4 ],
			"to": [ 5, 13.125, 4.5625 ],
			"faces": {
				"down": { "uv": [ 13, 4, 14.5, 4.5 ], "texture": "#texture" },
				"up": { "uv": [ 13, 4, 14.5, 4.5 ], "texture": "#texture" },
				"north": { "uv": [ 13, 4, 14.5, 4.5 ], "texture": "#texture" },
				"south": { "uv": [ 13, 4, 14.5, 4.5 ], "texture": "#texture" },
				"west": { "uv": [ 13.5, 4, 14.0625, 4.5625 ], "texture": "#texture" },
				"east": { "uv": [ 13.5, 4, 14.0625, 4.5625 ], "texture": "#texture" }
			}
		},
		{
			"from": [ 0.375, 12, 4 ],
			"to": [ 0.6875, 12.75, 4.5625 ],
			"faces": {
				"down": { "uv": [ 15, 2.5, 15.5, 3 ], "texture": "#texture" },
				"up": { "uv": [ 15, 2.5, 15.5, 3 ], "texture": "#texture" },
				"north": { "uv": [ 15, 2.5, 15.5, 3 ], "texture": "#texture" },
				"south": { "uv": [ 15, 2.5, 15.5, 3 ], "texture": "#texture" },
				"west": { "uv": [ 15, 2.5, 15.5625, 3 ], "texture": "#texture" },
				"east": { "uv": [ 15, 2.5, 15.5625, 3 ], "texture": "#texture" }
			}
		},
		{
			"from": [ 0.4375, 11.6875, 4 ],
			"to": [ 0.75, 12.625, 4.5625 ],
			"rotation": { "origin": [ 0.4375, 12.625, 4 ], "axis": "z", "angle": 45 },
			"faces": {
				"down": { "uv": [ 15, 2.5, 15.5, 3 ], "texture": "#texture" },
				"up": { "uv": [ 15, 2.5, 15.5, 3 ], "texture": "#texture" },
				"north": { "uv": [ 15, 2.5, 15.5, 3 ], "texture": "#texture" },
				"south": { "uv": [ 15, 2.5, 15.5, 3 ], "texture": "#texture" },
				"west": { "uv": [ 15, 3, 15.5625, 3.5 ], "texture": "#texture" },
				"east": { "uv": [ 15, 3, 15.5625, 3.5 ], "texture": "#texture" }
			}
		},
		{
			"from": [ 5.0625, 12.375, 3.8125 ],
			"to": [ 8.0625, 13.375, 4.75 ],
			"faces": {
				"down": { "uv": [ 6, 3, 3, 1.5 ], "texture": "#texture" },
				"up": { "uv": [ 3, 1.5, 6, 3 ], "texture": "#texture" },
				"north": { "uv": [ 3, 1.5, 6, 3.5 ], "texture": "#texture" },
				"south": { "uv": [ 3, 1.5, 6, 3.5 ], "texture": "#texture" },
				"west": { "uv": [ 6, 1.5, 7.5, 3.5 ], "texture": "#texture" },
				"east": { "uv": [ 6, 1.5, 7.5, 3.5 ], "texture": "#texture" }
			}
		},
		{
			"from": [ 7.0625, 11.375, 3.5 ],
			"to": [ 8.9375, 12.4375, 5 ],
			"faces": {
				"down": { "uv": [ 3, 1.5, 7.5, 3.5 ], "texture": "#texture" },
				"up": { "uv": [ 3, 1.5, 7.5, 3.5 ], "texture": "#texture" },
				"north": { "uv": [ 3, 1.5, 7.5, 3.5 ], "texture": "#texture" },
				"south": { "uv": [ 3, 1.5, 7.5, 3.5 ], "texture": "#texture" },
				"west": { "uv": [ 3, 1.5, 7.5, 3.5 ], "texture": "#texture" },
				"east": { "uv": [ 3, 1.5, 7.5, 3.5 ], "texture": "#texture" }
			}
		},
		{
			"from": [ 8.0625, 12.5, 3.875 ],
			"to": [ 9.3125, 13.5, 4.6875 ],
			"faces": {
				"down": { "uv": [ 1.5, 7.5, 3, 8.5 ], "texture": "#texture" },
				"up": { "uv": [ 1.5, 7.5, 3, 8.5 ], "texture": "#texture" },
				"north": { "uv": [ 1.5, 7.5, 3, 8.5 ], "texture": "#texture" },
				"south": { "uv": [ 1.5, 7.5, 3, 8.5 ], "texture": "#texture" },
				"west": { "uv": [ 1.5, 7.5, 3, 8.5 ], "texture": "#texture" },
				"east": { "uv": [ 1.5, 7.5, 3, 8.5 ], "texture": "#texture" }
			}
		},
		{
			"from": [ 9.3125, 12.5, 3.8125 ],
			"to": [ 14, 13.375, 4.75 ],
			"faces": {
				"down": { "uv": [ 1.5, 6.5, 8.5, 7.5 ], "texture": "#texture" },
				"up": { "uv": [ 1.5, 6.5, 8.5, 7 ], "texture": "#texture", "rotation": 180 },
				"north": { "uv": [ 1.5, 6.5, 8.5, 7.5 ], "texture": "#texture" },
				"south": { "uv": [ 1.5, 7.5, 8.5, 6.5 ], "texture": "#texture", "rotation": 180 },
				"west": { "uv": [ 1.5, 6.5, 3, 7.5 ], "texture": "#texture" },
				"east": { "uv": [ 1.5, 6.5, 3.5, 7.5 ], "texture": "#texture" }
			}
		},
		{
			"from": [ 8.9375, 11.4375, 3.5 ],
			"to": [ 14.625, 12.5, 5 ],
			"faces": {
				"down": { "uv": [ 1.5, 7.5, 3, 8.5 ], "texture": "#texture" },
				"up": { "uv": [ 1.5, 7.5, 3, 8.5 ], "texture": "#texture", "rotation": 180 },
				"north": { "uv": [ 1.5, 7.5, 8.5, 9 ], "texture": "#texture" },
				"south": { "uv": [ 8.5, 7.5, 1.5, 9 ], "texture": "#texture" },
				"west": { "uv": [ 1.5, 7.5, 8.5, 9 ], "texture": "#texture" },
				"east": { "uv": [ 1.5, 7.5, 8.5, 9 ], "texture": "#texture" }
			}
		},
		{
			"from": [ 13, 10.1875, 3.75 ],
			"to": [ 13.375, 11.5625, 4.75 ],
			"rotation": { "origin": [ 13, 11.5625, 3.75 ], "axis": "z", "angle": 22.5 },
			"faces": {
				"down": { "uv": [ 3, 2, 4, 3 ], "texture": "#texture" },
				"up": { "uv": [ 3, 2, 4, 3 ], "texture": "#texture" },
				"north": { "uv": [ 3, 2, 4, 3 ], "texture": "#texture" },
				"south": { "uv": [ 3, 2, 4, 3 ], "texture": "#texture" },
				"west": { "uv": [ 3, 2, 4, 3 ], "texture": "#texture" },
				"east": { "uv": [ 3, 2, 4, 3 ], "texture": "#texture" }
			}
		},
		{
			"from": [ 13.4375, 9.625, 3.75 ],
			"to": [ 14.375, 11.5625, 4.75 ],
			"rotation": { "origin": [ 13.4375, 11.5625, 3.75 ], "axis": "z", "angle": 22.5 },
			"faces": {
				"down": { "uv": [ 3, 2, 3.5, 3 ], "texture": "#texture" },
				"up": { "uv": [ 3, 2.5, 3.5, 3.5 ], "texture": "#texture" },
				"north": { "uv": [ 3, 3, 3.5, 3.5 ], "texture": "#texture" },
				"south": { "uv": [ 3, 3, 3.5, 3.5 ], "texture": "#texture" },
				"west": { "uv": [ 3.5, 3, 4.5, 3.5 ], "texture": "#texture" },
				"east": { "uv": [ 3.5, 3, 4.5, 3.5 ], "texture": "#texture" }
			}
		},
		{
			"from": [ 10.6875, 9.625, 3.75 ],
			"to": [ 12.125, 12, 4.75 ],
			"rotation": { "origin": [ 10.6875, 12, 3.75 ], "axis": "z", "angle": -22.5 },
			"faces": {
				"down": { "uv": [ 12, 7, 14, 11.5 ], "texture": "#texture" },
				"up": { "uv": [ 12, 7, 14, 11.5 ], "texture": "#texture" },
				"north": { "uv": [ 12, 7, 14, 11.5 ], "texture": "#texture" },
				"south": { "uv": [ 12, 7, 14, 11.5 ], "texture": "#texture" },
				"west": { "uv": [ 12, 7, 12.5, 11.5 ], "texture": "#texture" },
				"east": { "uv": [ 12, 7, 12.5, 11.5 ], "texture": "#texture" }
			}
		},
		{
			"from": [ 5, 11.375, 3.5 ],
			"to": [ 7.0625, 12.375, 5 ],
			"faces": {
				"down": { "uv": [ 6, 3, 3, 1.5 ], "texture": "#texture" },
				"up": { "uv": [ 3, 1.5, 6, 3 ], "texture": "#texture" },
				"north": { "uv": [ 3, 1.5, 6, 3.5 ], "texture": "#texture" },
				"south": { "uv": [ 3, 1.5, 6, 3.5 ], "texture": "#texture" },
				"west": { "uv": [ 6, 1.5, 7.5, 3.5 ], "texture": "#texture" },
				"east": { "uv": [ 6, 1.5, 7.5, 3.5 ], "texture": "#texture" }
			}
		},
		{
			"from": [ 14.125, 9.5, 3.75 ],
			"to": [ 15.125, 9.75, 4.75 ],
			"rotation": { "origin": [ 14.125, 9.75, 3.75 ], "axis": "z", "angle": 22.5 },
			"faces": {
				"down": { "uv": [ 3, 2, 4, 3 ], "texture": "#texture" },
				"up": { "uv": [ 3, 2, 4, 3 ], "texture": "#texture" },
				"north": { "uv": [ 3, 2, 4, 3 ], "texture": "#texture" },
				"south": { "uv": [ 3, 2, 4, 3 ], "texture": "#texture" },
				"west": { "uv": [ 3, 2, 4, 3 ], "texture": "#texture" },
				"east": { "uv": [ 3, 2, 4, 3 ], "texture": "#texture" }
			}
		},
		{
			"from": [ 10.25, 8.3125, 3.75 ],
			"to": [ 11.6875, 10.4375, 4.75 ],
			"rotation": { "origin": [ 10.25, 10.4375, 3.75 ], "axis": "z", "angle": -45 },
			"faces": {
				"down": { "uv": [ 12, 7, 14, 11.5 ], "texture": "#texture" },
				"up": { "uv": [ 12, 7, 14, 11.5 ], "texture": "#texture" },
				"north": { "uv": [ 12, 7, 14, 11.5 ], "texture": "#texture" },
				"south": { "uv": [ 12, 7, 14, 11.5 ], "texture": "#texture" },
				"west": { "uv": [ 12, 7, 12.5, 11.5 ], "texture": "#texture" },
				"east": { "uv": [ 12, 7, 12.5, 11.5 ], "texture": "#texture" }
			}
		},
		{
			"from": [ 13.5625, 12, 3.8125 ],
			"to": [ 14.0625, 13, 4.75 ],
			"rotation": { "origin": [ 13.5625, 13, 3.8125 ], "axis": "z", "angle": 45 },
			"faces": {
				"down": { "uv": [ 1.5, 7, 3, 7.5 ], "texture": "#texture" },
				"up": { "uv": [ 1.5, 7, 3, 7.5 ], "texture": "#texture", "rotation": 180 },
				"north": { "uv": [ 1.5, 6.5, 2, 7.5 ], "texture": "#texture" },
				"south": { "uv": [ 1.5, 7.5, 2, 6.5 ], "texture": "#texture", "rotation": 180 },
				"west": { "uv": [ 1.5, 6.5, 2.5, 7.5 ], "texture": "#texture" },
				"east": { "uv": [ 1.5, 6.5, 2.5, 7.5 ], "texture": "#texture" }
			}
		},
		{
			"from": [ 14.5625, 11.625, 3.8125 ],
			"to": [ 16, 12.625, 4.8125 ],
			"faces": {
				"down": { "uv": [ 3, 1.5, 7.5, 3.5 ], "texture": "#texture" },
				"up": { "uv": [ 3, 1.5, 7.5, 3.5 ], "texture": "#texture" },
				"north": { "uv": [ 3, 1.5, 7.5, 3.5 ], "texture": "#texture" },
				"south": { "uv": [ 3, 1.5, 7.5, 3.5 ], "texture": "#texture" },
				"west": { "uv": [ 3, 1.5, 7.5, 3.5 ], "texture": "#texture" },
				"east": { "uv": [ 3, 1.5, 7.5, 3.5 ], "texture": "#texture" }
			}
		},
		{
			"from": [ 15.875, 11.5625, 3.8125 ],
			"to": [ 19.5, 12.0625, 4.8125 ],
			"rotation": { "origin": [ 15.875, 12.0625, 3.8125 ], "axis": "z", "angle": -22.5 },
			"faces": {
				"down": { "uv": [ 3, 1.5, 7.5, 3.5 ], "texture": "#texture" },
				"up": { "uv": [ 3, 1.5, 7.5, 3.5 ], "texture": "#texture" },
				"north": { "uv": [ 3, 1.5, 7.5, 3.5 ], "texture": "#texture" },
				"south": { "uv": [ 3, 1.5, 7.5, 3.5 ], "texture": "#texture" },
				"west": { "uv": [ 3, 1.5, 7.5, 3.5 ], "texture": "#texture" },
				"east": { "uv": [ 3, 1.5, 7.5, 3.5 ], "texture": "#texture" }
			}
		},
		{
			"from": [ 16, 11.875, 3.8125 ],
			"to": [ 19.625, 12.375, 4.8125 ],
			"rotation": { "origin": [ 16, 12.375, 3.8125 ], "axis": "z", "angle": -22.5 },
			"faces": {
				"down": { "uv": [ 3, 1.5, 7.5, 3.5 ], "texture": "#texture" },
				"up": { "uv": [ 3, 1.5, 7.5, 3.5 ], "texture": "#texture" },
				"north": { "uv": [ 3, 1.5, 7.5, 3.5 ], "texture": "#texture" },
				"south": { "uv": [ 3, 1.5, 7.5, 3.5 ], "texture": "#texture" },
				"west": { "uv": [ 3, 1.5, 7.5, 3.5 ], "texture": "#texture" },
				"east": { "uv": [ 3, 1.5, 7.5, 3.5 ], "texture": "#texture" }
			}
		},
		{
			"from": [ 15.6875, 11.375, 3.875 ],
			"to": [ 19.3125, 12.5625, 4.75 ],
			"faces": {
				"down": { "uv": [ 3, 1.5, 7.5, 3.5 ], "texture": "#texture" },
				"up": { "uv": [ 3, 1.5, 7.5, 3.5 ], "texture": "#texture" },
				"north": { "uv": [ 3, 1.5, 7.5, 3.5 ], "texture": "#texture" },
				"south": { "uv": [ 3, 1.5, 7.5, 3.5 ], "texture": "#texture" },
				"west": { "uv": [ 3, 1.5, 7.5, 3.5 ], "texture": "#texture" },
				"east": { "uv": [ 3, 1.5, 7.5, 3.5 ], "texture": "#texture" }
			}
		},
		{
			"from": [ 18.25, 10.875, 3.875 ],
			"to": [ 19.3125, 11.4375, 4.75 ],
			"faces": {
				"down": { "uv": [ 3, 1.5, 7.5, 3.5 ], "texture": "#texture" },
				"up": { "uv": [ 3, 1.5, 7.5, 3.5 ], "texture": "#texture" },
				"north": { "uv": [ 3, 1.5, 7.5, 3.5 ], "texture": "#texture" },
				"south": { "uv": [ 3, 1.5, 7.5, 3.5 ], "texture": "#texture" },
				"west": { "uv": [ 3, 1.5, 7.5, 3.5 ], "texture": "#texture" },
				"east": { "uv": [ 3, 1.5, 7.5, 3.5 ], "texture": "#texture" }
			}
		},
		{
			"from": [ 0.4375, 12.625, 4.125 ],
			"to": [ 0.6875, 13.6875, 4.5 ],
			"faces": {
				"down": { "uv": [ 15, 2.5, 15.5, 3 ], "texture": "#texture" },
				"up": { "uv": [ 15, 2.5, 15.5, 3 ], "texture": "#texture" },
				"north": { "uv": [ 15, 2.5, 15.5, 3.5 ], "texture": "#texture" },
				"south": { "uv": [ 15, 2.5, 15.5, 3.5 ], "texture": "#texture" },
				"west": { "uv": [ 15, 2.5, 15.5, 3.5 ], "texture": "#texture" },
				"east": { "uv": [ 15, 2.5, 15.5, 3.5 ], "texture": "#texture" }
			}
		}
	],
	"display": {
		"thirdperson_righthand": {
			"rotation":  [ 89, -82, 81 ],
			"translation":  [ -5.1, -3.97, -5.67 ],
			"scale":  [ 1.4, 1.4, 1.4 ]
		},
		"thirdperson_lefthand": {
			"rotation":  [ -113, 85, 115 ],
			"translation":  [ 4.72, -3.97, -5.67 ],
			"scale":  [ 1.4, 1.4, 1.4 ]
		},
		"firstperson_righthand": {
			"rotation":  [ 0, -95, 0 ],
			"translation":  [ -5.67, 0.38, 0.94 ],
			"scale":  [ 0.85, 1.07, 0.82 ]
		},
		"firstperson_lefthand": {
			"rotation":  [ 0, 83, 0 ],
			"translation":  [ -0.046, 0.5706, 2.1343 ],
			"scale":  [ 0.85, 1.07, 0.82 ]
		},
		"gui": {
			"rotation":  [ -27, 133, 3 ],
			"translation":  [ 3.4, -3.21, 0 ]
		},
		"head": {
			"rotation":  [ -7, 6, -51 ],
			"translation":  [ -8.13, -14.36, 12.85 ],
			"scale":  [ 2, 2, 2 ]
		},
		"ground": {
			"rotation":  [ 0, -7, -41 ],
			"translation":  [ -1.89, -3.02, 2.27 ]
		},
		"fixed": {
			"rotation":  [ 0, 0, -34 ],
			"translation":  [ -3.4, -0.9, 2.8 ]
		}
	}
}