{
	"__comment": "Made By Ubalube",
	"textures": {
		"texture": "item/coas/guns/vector/main_body_2",
		"texture1": "item/coas/guns/vector/main_body"
	},
	"elements": [ 	 
		{
			"__comment": "Box6",
			"from": [ 0, 7.5, 5.5 ],
			"to": [ 6.5, 9, 8 ],
			"faces": {
				"down": { "uv": [ 0, 8, 6.5, 10.5 ], "texture": "#texture1" },
				"up": { "uv": [ 0, 5.5, 6.5, 8 ], "texture": "#texture1" },
				"north": { "uv": [ 9.5, 7, 16, 8.5 ], "texture": "#texture1" },
				"south": { "uv": [ 0, 7, 6.5, 8.5 ], "texture": "#texture1" },
				"west": { "uv": [ 5.5, 7, 8, 8.5 ], "texture": "#texture1" },
				"east": { "uv": [ 8, 7, 10.5, 8.5 ], "texture": "#texture1" }
			}
		},
		{
			"__comment": "Box7",
			"from": [ 5, 4, 5.8 ],
			"to": [ 8, 8, 7.8 ],
			"rotation": { "origin": [ 5, 4, 5.8 ], "axis": "z", "angle": 22.5 },
			"faces": {
				"down": { "uv": [ 5.5, 1, 6.5, 2 ], "texture": "#texture1" },
				"up": { "uv": [ 5.5, 14, 6.5, 15 ], "texture": "#texture1" },
				"north": { "uv": [ 9.5, 8.5, 10.5, 12 ], "texture": "#texture1" },
				"south": { "uv": [ 5.5, 8.5, 6.5, 12 ], "texture": "#texture1" },
				"west": { "uv": [ 14, 8.5, 15, 12 ], "texture": "#texture1" },
				"east": { "uv": [ 1, 8.5, 2, 12 ], "texture": "#texture1" }
			}
		},
		{
			"__comment": "Box4",
			"from": [ 6.5, 6, 5.5 ],
			"to": [ 8, 10, 8 ],
			"faces": {
				"down": { "uv": [ 6.5, 8, 8, 10.5 ], "texture": "#texture" },
				"up": { "uv": [ 6.5, 5.5, 8, 8 ], "texture": "#texture" },
				"north": { "uv": [ 8, 6, 9.5, 10 ], "texture": "#texture" },
				"south": { "uv": [ 6.5, 6, 8, 10 ], "texture": "#texture" },
				"west": { "uv": [ 5.5, 6, 8, 10 ], "texture": "#texture" },
				"east": { "uv": [ 8, 6, 10.5, 10 ], "texture": "#texture" }
			}
		},
		{
			"__comment": "Box5",
			"from": [ 8, 4.5, 6.2 ],
			"to": [ 11, 5, 7.2 ],
			"rotation": { "origin": [ 8, 4.5, 6.2 ], "axis": "z", "angle": 22.5 },
			"faces": {
				"down": { "uv": [ 9, 1, 11.5, 2 ], "texture": "#texture" },
				"up": { "uv": [ 9, 14, 11.5, 15 ], "texture": "#texture" },
				"north": { "uv": [ 4.5, 11, 7, 11.5 ], "texture": "#texture" },
				"south": { "uv": [ 9, 11, 11.5, 11.5 ], "texture": "#texture" },
				"west": { "uv": [ 14, 11, 15, 11.5 ], "texture": "#texture" },
				"east": { "uv": [ 1, 11, 2, 11.5 ], "texture": "#texture" }
			}
		},
		{
			"__comment": "Box6",
			"from": [ 10.5, 5.5, 6 ],
			"to": [ 12, 9.5, 7.5 ],
			"rotation": { "origin": [ 10.5, 5.5, 6 ], "axis": "z", "angle": 22.5 },
			"faces": {
				"down": { "uv": [ 11, 1, 12.5, 2 ], "texture": "#texture" },
				"up": { "uv": [ 11, 14, 12.5, 15 ], "texture": "#texture" },
				"north": { "uv": [ 3.5, 7.5, 5, 10.5 ], "texture": "#texture" },
				"south": { "uv": [ 11, 7.5, 12.5, 10.5 ], "texture": "#texture" },
				"west": { "uv": [ 14, 7.5, 15, 10.5 ], "texture": "#texture" },
				"east": { "uv": [ 1, 7.5, 2, 10.5 ], "texture": "#texture" }
			}
		},
		{
			"__comment": "Box7",
			"from": [ 8, 9, 5.5 ],
			"to": [ 12, 10, 8 ],
			"faces": {
				"down": { "uv": [ 8, 8, 12, 10.5 ], "texture": "#texture" },
				"up": { "uv": [ 8, 5.5, 12, 8 ], "texture": "#texture" },
				"north": { "uv": [ 4, 6, 8, 7 ], "texture": "#texture" },
				"south": { "uv": [ 8, 6, 12, 7 ], "texture": "#texture" },
				"west": { "uv": [ 5.5, 6, 8, 7 ], "texture": "#texture" },
				"east": { "uv": [ 8, 6, 10.5, 7 ], "texture": "#texture" }
			}
		},
		{
			"__comment": "Box8",
			"from": [ 8, 6.5, 6.2 ],
			"to": [ 10, 7, 7.2 ],
			"rotation": { "origin": [ 8, 6.5, 6.2 ], "axis": "z", "angle": 22.5 },
			"faces": {
				"down": { "uv": [ 9, 1, 11, 2 ], "texture": "#texture" },
				"up": { "uv": [ 9, 14, 11, 15 ], "texture": "#texture" },
				"north": { "uv": [ 5, 9, 7, 9.5 ], "texture": "#texture" },
				"south": { "uv": [ 9, 9, 11, 9.5 ], "texture": "#texture" },
				"west": { "uv": [ 14, 9, 15, 9.5 ], "texture": "#texture" },
				"east": { "uv": [ 1, 9, 2, 9.5 ], "texture": "#texture" }
			}
		},
		{
			"__comment": "Box9",
			"from": [ 9, 8, 6.2 ],
			"to": [ 10, 9, 7.2 ],
			"rotation": { "origin": [ 9, 8, 6.200001 ], "axis": "z", "angle": 22.5 },
			"faces": {
				"down": { "uv": [ 9.5, 1, 10.5, 2 ], "texture": "#texture" },
				"up": { "uv": [ 9.5, 14, 10.5, 15 ], "texture": "#texture" },
				"north": { "uv": [ 5.5, 7.5, 6.5, 8.5 ], "texture": "#texture" },
				"south": { "uv": [ 9.5, 7.5, 10.5, 8.5 ], "texture": "#texture" },
				"west": { "uv": [ 14, 7.5, 15, 8.5 ], "texture": "#texture" },
				"east": { "uv": [ 1, 7.5, 2, 8.5 ], "texture": "#texture" }
			}
		},
		{
			"__comment": "Box10",
			"from": [ -2.05, 8, 6.25 ],
			"to": [ 0.2, 9, 7.25 ],
			"faces": {
				"down": { "uv": [ 0, 8.75, 0.2, 9.75 ], "texture": "#texture" },
				"up": { "uv": [ 0, 6.25, 0.2, 7.25 ], "texture": "#texture" },
				"north": { "uv": [ 15.8, 7, 16, 8 ], "texture": "#texture" },
				"south": { "uv": [ 0, 7, 0.2, 8 ], "texture": "#texture" },
				"west": { "uv": [ 6.25, 7, 7.25, 8 ], "texture": "#texture" },
				"east": { "uv": [ 8.75, 7, 9.75, 8 ], "texture": "#texture" }
			}
		},
		{
			"__comment": "Box11",
			"from": [ 7, 4, 5.5 ],
			"to": [ 8, 6, 8 ],
			"faces": {
				"down": { "uv": [ 7, 8, 8, 10.5 ], "texture": "#texture1" },
				"up": { "uv": [ 7, 5.5, 8, 8 ], "texture": "#texture1" },
				"north": { "uv": [ 8, 10, 9, 12 ], "texture": "#texture1" },
				"south": { "uv": [ 7, 10, 8, 12 ], "texture": "#texture1" },
				"west": { "uv": [ 5.5, 10, 8, 12 ], "texture": "#texture1" },
				"east": { "uv": [ 8, 10, 10.5, 12 ], "texture": "#texture1" }
			}
		},
		{
			"__comment": "Box12",
			"from": [ 5, 4, 5.5 ],
			"to": [ 7, 4.5, 8 ],
			"faces": {
				"down": { "uv": [ 5, 8, 7, 10.5 ], "texture": "#texture1" },
				"up": { "uv": [ 5, 5.5, 7, 8 ], "texture": "#texture1" },
				"north": { "uv": [ 9, 11.5, 11, 12 ], "texture": "#texture1" },
				"south": { "uv": [ 5, 11.5, 7, 12 ], "texture": "#texture1" },
				"west": { "uv": [ 5.5, 11.5, 8, 12 ], "texture": "#texture1" },
				"east": { "uv": [ 8, 11.5, 10.5, 12 ], "texture": "#texture1" }
			}
		},
		{
			"__comment": "Box13",
			"from": [ 6, 4.5, 5.5 ],
			"to": [ 7, 5, 8 ],
			"faces": {
				"down": { "uv": [ 6, 8, 7, 10.5 ], "texture": "#texture1" },
				"up": { "uv": [ 6, 5.5, 7, 8 ], "texture": "#texture1" },
				"north": { "uv": [ 9, 11, 10, 11.5 ], "texture": "#texture1" },
				"south": { "uv": [ 6, 11, 7, 11.5 ], "texture": "#texture1" },
				"west": { "uv": [ 5.5, 11, 8, 11.5 ], "texture": "#texture1" },
				"east": { "uv": [ 8, 11, 10.5, 11.5 ], "texture": "#texture1" }
			}
		},
		{
			"__comment": "Box14",
			"from": [ 6.5, 2, 6 ],
			"to": [ 7.5, 5.5, 7.5 ],
			"rotation": { "origin": [ 6.5, 2, 6 ], "axis": "z", "angle": 22.5 },
			"faces": {
				"down": { "uv": [ 6.5, 1, 7.5, 2 ], "texture": "#texture" },
				"up": { "uv": [ 6.5, 14, 7.5, 15 ], "texture": "#texture" },
				"north": { "uv": [ 8.5, 12, 9.5, 15.5 ], "texture": "#texture" },
				"south": { "uv": [ 6.5, 12, 7.5, 15.5 ], "texture": "#texture" },
				"west": { "uv": [ 14, 12, 15, 15.5 ], "texture": "#texture" },
				"east": { "uv": [ 1, 12, 2, 15.5 ], "texture": "#texture" }
			}
		},
		{
			"__comment": "Box15",
			"from": [ 1, 7, 6 ],
			"to": [ 6, 7.5, 7.5 ],
			"faces": {
				"down": { "uv": [ 1, 8.5, 6, 10 ], "texture": "#texture1" },
				"up": { "uv": [ 1, 6, 6, 7.5 ], "texture": "#texture1" },
				"north": { "uv": [ 10, 8.5, 15, 9 ], "texture": "#texture1" },
				"south": { "uv": [ 1, 8.5, 6, 9 ], "texture": "#texture1" },
				"west": { "uv": [ 6, 8.5, 7.5, 9 ], "texture": "#texture1" },
				"east": { "uv": [ 8.5, 8.5, 10, 9 ], "texture": "#texture1" }
			}
		},
		{
			"__comment": "Box15",
			"from": [ 12, 8.5, 5.5 ],
			"to": [ 17.5, 9.5, 8 ],
			"faces": {
				"down": { "uv": [ 12, 8, 16, 10.5 ], "texture": "#texture" },
				"up": { "uv": [ 12, 5.5, 16, 8 ], "texture": "#texture" },
				"north": { "uv": [ 0, 6.5, 4, 7.5 ], "texture": "#texture" },
				"south": { "uv": [ 12, 6.5, 16, 7.5 ], "texture": "#texture" },
				"west": { "uv": [ 5.5, 6.5, 8, 7.5 ], "texture": "#texture" },
				"east": { "uv": [ 8, 6.5, 10.5, 7.5 ], "texture": "#texture" }
			}
		},
		{
			"__comment": "Box16",
			"from": [ 17.5, 8, 6 ],
			"to": [ 18, 9.5, 7.5 ],
			"faces": {
				"down": { "uv": [ 1.5, 8.5, 2, 10 ], "texture": "#texture" },
				"up": { "uv": [ 1.5, 6, 2, 7.5 ], "texture": "#texture" },
				"north": { "uv": [ 14, 6.5, 14.5, 8 ], "texture": "#texture" },
				"south": { "uv": [ 1.5, 6.5, 2, 8 ], "texture": "#texture" },
				"west": { "uv": [ 6, 6.5, 7.5, 8 ], "texture": "#texture" },
				"east": { "uv": [ 8.5, 6.5, 10, 8 ], "texture": "#texture" }
			}
		},
		{
			"__comment": "Box16",
			"from": [ 17, 6, 6 ],
			"to": [ 17.5, 8, 7.5 ],
			"faces": {
				"down": { "uv": [ 1, 8.5, 1.5, 10 ], "texture": "#texture" },
				"up": { "uv": [ 1, 6, 1.5, 7.5 ], "texture": "#texture" },
				"north": { "uv": [ 14.5, 8, 15, 10 ], "texture": "#texture" },
				"south": { "uv": [ 1, 8, 1.5, 10 ], "texture": "#texture" },
				"west": { "uv": [ 6, 8, 7.5, 10 ], "texture": "#texture" },
				"east": { "uv": [ 8.5, 8, 10, 10 ], "texture": "#texture" }
			}
		},
		{
			"__comment": "Box18",
			"from": [ 15.5, 6, 6.25 ],
			"to": [ 17, 6.5, 7.25 ],
			"faces": {
				"down": { "uv": [ 15.5, 8.75, 16, 9.75 ], "texture": "#texture" },
				"up": { "uv": [ 15.5, 6.25, 16, 7.25 ], "texture": "#texture" },
				"north": { "uv": [ 0, 9.5, 0.5, 10 ], "texture": "#texture" },
				"south": { "uv": [ 15.5, 9.5, 16, 10 ], "texture": "#texture" },
				"west": { "uv": [ 6.25, 9.5, 7.25, 10 ], "texture": "#texture" },
				"east": { "uv": [ 8.75, 9.5, 9.75, 10 ], "texture": "#texture" }
			}
		},
		{
			"__comment": "Box19",
			"from": [ 15.5, 6, 6 ],
			"to": [ 16.5, 9, 7.5 ],
			"rotation": { "origin": [ 15.5, 6, 6 ], "axis": "z", "angle": 22.5 },
			"faces": {
				"down": { "uv": [ 14.5, 1, 15.5, 2 ], "texture": "#texture" },
				"up": { "uv": [ 14.5, 14, 15.5, 15 ], "texture": "#texture" },
				"north": { "uv": [ 0.5, 7, 1.5, 10 ], "texture": "#texture" },
				"south": { "uv": [ 14.5, 7, 15.5, 10 ], "texture": "#texture" },
				"west": { "uv": [ 14, 7, 15, 10 ], "texture": "#texture" },
				"east": { "uv": [ 1, 7, 2, 10 ], "texture": "#texture" }
			}
		},
		{
			"__comment": "Box20",
			"from": [ 12, 8, 6 ],
			"to": [ 14, 8.5, 7.5 ],
			"faces": {
				"down": { "uv": [ 12, 8.5, 14, 10 ], "texture": "#texture" },
				"up": { "uv": [ 12, 6, 14, 7.5 ], "texture": "#texture" },
				"north": { "uv": [ 2, 7.5, 4, 8 ], "texture": "#texture" },
				"south": { "uv": [ 12, 7.5, 14, 8 ], "texture": "#texture" },
				"west": { "uv": [ 6, 7.5, 7.5, 8 ], "texture": "#texture" },
				"east": { "uv": [ 8.5, 7.5, 10, 8 ], "texture": "#texture" }
			}
		},
		{
			"__comment": "Box21",
			"from": [ 0.05, 8.45, 7.65 ],
			"to": [ 7.05, 9.95, 8.15 ],
			"faces": {
				"down": { "uv": [ 0.05, 7.849999, 7.05, 8.349999 ], "texture": "#texture" },
				"up": { "uv": [ 0.05, 7.650001, 7.05, 8.150001 ], "texture": "#texture" },
				"north": { "uv": [ 8.95, 6.05, 15.95, 7.55 ], "texture": "#texture" },
				"south": { "uv": [ 0.05, 6.05, 7.05, 7.55 ], "texture": "#texture" },
				"west": { "uv": [ 7.650001, 6.05, 8.150001, 7.55 ], "texture": "#texture" },
				"east": { "uv": [ 7.849999, 6.05, 8.349999, 7.55 ], "texture": "#texture" }
			}
		},
		{
			"__comment": "Box21",
			"from": [ 0.09999999, 8.4, 5.35 ],
			"to": [ 7.1, 9.9, 5.85 ],
			"faces": {
				"down": { "uv": [ 0.1, 10.15, 7.1, 10.65 ], "texture": "#texture" },
				"up": { "uv": [ 0.1, 5.349999, 7.1, 5.849999 ], "texture": "#texture" },
				"north": { "uv": [ 8.9, 6.1, 15.9, 7.6 ], "texture": "#texture" },
				"south": { "uv": [ 0.1, 6.1, 7.1, 7.6 ], "texture": "#texture" },
				"west": { "uv": [ 5.349999, 6.1, 5.849999, 7.6 ], "texture": "#texture" },
				"east": { "uv": [ 10.15, 6.1, 10.65, 7.6 ], "texture": "#texture" }
			}
		},
		{
			"__comment": "Box23",
			"from": [ 5, 5, 7.55 ],
			"to": [ 7.5, 9, 8.049999 ],
			"rotation": { "origin": [ 5, 5, 7.55 ], "axis": "z", "angle": 22.5 },
			"faces": {
				"down": { "uv": [ 5, 1, 7, 2 ], "texture": "#texture1" },
				"up": { "uv": [ 5, 14, 7, 15 ], "texture": "#texture1" },
				"north": { "uv": [ 9, 7, 11, 11 ], "texture": "#texture1" },
				"south": { "uv": [ 5, 7, 7, 11 ], "texture": "#texture1" },
				"west": { "uv": [ 14, 7, 15, 11 ], "texture": "#texture1" },
				"east": { "uv": [ 1, 7, 2, 11 ], "texture": "#texture1" }
			}
		},
		{
			"__comment": "Box23",
			"from": [ 5, 5, 5.45 ],
			"to": [ 7.5, 9, 5.95 ],
			"rotation": { "origin": [ 5, 5, 5.45 ], "axis": "z", "angle": 22.5 },
			"faces": {
				"down": { "uv": [ 5, 1, 7, 2 ], "texture": "#texture1" },
				"up": { "uv": [ 5, 14, 7, 15 ], "texture": "#texture1" },
				"north": { "uv": [ 9, 7, 11, 11 ], "texture": "#texture1" },
				"south": { "uv": [ 5, 7, 7, 11 ], "texture": "#texture1" },
				"west": { "uv": [ 14, 7, 15, 11 ], "texture": "#texture1" },
				"east": { "uv": [ 1, 7, 2, 11 ], "texture": "#texture1" }
			}
		},
		{
			"__comment": "Box25",
			"from": [ 0.5, 9.7, 6 ],
			"to": [ 12, 10.2, 7.5 ],
			"faces": {
				"down": { "uv": [ 0.5, 8.5, 12, 10 ], "texture": "#texture" },
				"up": { "uv": [ 0.5, 6, 12, 7.5 ], "texture": "#texture" },
				"north": { "uv": [ 4, 5.799999, 15.5, 6.299999 ], "texture": "#texture" },
				"south": { "uv": [ 0.5, 5.799999, 12, 6.299999 ], "texture": "#texture" },
				"west": { "uv": [ 6, 5.799999, 7.5, 6.299999 ], "texture": "#texture" },
				"east": { "uv": [ 8.5, 5.799999, 10, 6.299999 ], "texture": "#texture" }
			}
		},
		{
			"__comment": "Box26",
			"from": [ 12, 9.5, 6 ],
			"to": [ 16, 10, 7.5 ],
			"faces": {
				"down": { "uv": [ 12, 8.5, 16, 10 ], "texture": "#texture" },
				"up": { "uv": [ 12, 6, 16, 7.5 ], "texture": "#texture" },
				"north": { "uv": [ 0, 6, 4, 6.5 ], "texture": "#texture" },
				"south": { "uv": [ 12, 6, 16, 6.5 ], "texture": "#texture" },
				"west": { "uv": [ 6, 6, 7.5, 6.5 ], "texture": "#texture" },
				"east": { "uv": [ 8.5, 6, 10, 6.5 ], "texture": "#texture" }
			}
		},
		{
			"__comment": "Box27",
			"from": [ 1, 10, 5.75 ],
			"to": [ 2.5, 10.72, 7.75 ],
			"faces": {
				"down": { "uv": [ 1, 8.25, 2.5, 10.25 ], "texture": "#texture" },
				"up": { "uv": [ 1, 5.75, 2.5, 7.75 ], "texture": "#texture" },
				"north": { "uv": [ 13.5, 5.28, 15, 6 ], "texture": "#texture" },
				"south": { "uv": [ 1, 5.28, 2.5, 6 ], "texture": "#texture" },
				"west": { "uv": [ 5.75, 5.28, 7.75, 6 ], "texture": "#texture" },
				"east": { "uv": [ 8.25, 5.28, 10.25, 6 ], "texture": "#texture" }
			}
		},
		{
			"__comment": "Box28",
			"from": [ 1.45, 10.55, 7.3 ],
			"to": [ 2.45, 11.55, 7.7 ],
			"rotation": { "origin": [ 1.45, 10.55, 7.3 ], "axis": "x", "angle": -22.5 },
			"faces": {
				"down": { "uv": [ 1, 8.3, 2, 8.700001 ], "texture": "#texture" },
				"up": { "uv": [ 1, 7.299999, 2, 7.7 ], "texture": "#texture" },
				"north": { "uv": [ 14, 4.5, 15, 5.5 ], "texture": "#texture" },
				"south": { "uv": [ 1, 4.5, 2, 5.5 ], "texture": "#texture" },
				"west": { "uv": [ 7.3, 4.5, 7.7, 5.5 ], "texture": "#texture" },
				"east": { "uv": [ 8.3, 4.5, 8.700001, 5.5 ], "texture": "#texture" }
			}
		},
		{
			"__comment": "Box28",
			"from": [ 1.45, 10.7, 5.8 ],
			"to": [ 2.45, 11.7, 6.2 ],
			"rotation": { "origin": [ 1.45, 10.7, 5.8 ], "axis": "x", "angle": 22.5 },
			"faces": {
				"down": { "uv": [ 1, 9.799999, 2, 10.2 ], "texture": "#texture" },
				"up": { "uv": [ 1, 5.8, 2, 6.2 ], "texture": "#texture" },
				"north": { "uv": [ 14, 4.5, 15, 5.5 ], "texture": "#texture" },
				"south": { "uv": [ 1, 4.5, 2, 5.5 ], "texture": "#texture" },
				"west": { "uv": [ 5.8, 4.5, 6.2, 5.5 ], "texture": "#texture" },
				"east": { "uv": [ 9.8, 4.5, 10.2, 5.5 ], "texture": "#texture" }
			}
		},
		{
			"__comment": "Box30",
			"from": [ 2, 10.05, 6.6 ],
			"to": [ 2.25, 11.05, 6.85 ],
			"faces": {
				"down": { "uv": [ 2, 9.15, 2.25, 9.4 ], "texture": "#texture" },
				"up": { "uv": [ 2, 6.6, 2.25, 6.85 ], "texture": "#texture" },
				"north": { "uv": [ 13.75, 4.949999, 14, 5.949999 ], "texture": "#texture" },
				"south": { "uv": [ 2, 4.949999, 2.25, 5.949999 ], "texture": "#texture" },
				"west": { "uv": [ 6.6, 4.949999, 6.85, 5.949999 ], "texture": "#texture" },
				"east": { "uv": [ 9.15, 4.949999, 9.4, 5.949999 ], "texture": "#texture" }
			}
		},
		{
			"__comment": "Box27",
			"from": [ 8.5, 10, 5.75 ],
			"to": [ 10, 10.5, 7.75 ],
			"faces": {
				"down": { "uv": [ 8.5, 8.25, 10, 10.25 ], "texture": "#texture" },
				"up": { "uv": [ 8.5, 5.75, 10, 7.75 ], "texture": "#texture" },
				"north": { "uv": [ 6, 5.5, 7.5, 6 ], "texture": "#texture" },
				"south": { "uv": [ 8.5, 5.5, 10, 6 ], "texture": "#texture" },
				"west": { "uv": [ 5.75, 5.5, 7.75, 6 ], "texture": "#texture" },
				"east": { "uv": [ 8.25, 5.5, 10.25, 6 ], "texture": "#texture" }
			}
		},
		{
			"__comment": "Box32",
			"from": [ 9, 10.3, 7 ],
			"to": [ 9.5, 11.3, 7.5 ],
			"faces": {
				"down": { "uv": [ 9, 8.5, 9.5, 9 ], "texture": "#texture" },
				"up": { "uv": [ 9, 7, 9.5, 7.5 ], "texture": "#texture" },
				"north": { "uv": [ 6.5, 4.7, 7, 5.7 ], "texture": "#texture" },
				"south": { "uv": [ 9, 4.7, 9.5, 5.7 ], "texture": "#texture" },
				"west": { "uv": [ 7, 4.7, 7.5, 5.7 ], "texture": "#texture" },
				"east": { "uv": [ 8.5, 4.7, 9, 5.7 ], "texture": "#texture" }
			}
		},
		{
			"__comment": "Box32",
			"from": [ 9, 10.3, 6 ],
			"to": [ 9.5, 11.3, 6.5 ],
			"faces": {
				"down": { "uv": [ 9, 9.5, 9.5, 10 ], "texture": "#texture" },
				"up": { "uv": [ 9, 6, 9.5, 6.5 ], "texture": "#texture" },
				"north": { "uv": [ 6.5, 4.7, 7, 5.7 ], "texture": "#texture" },
				"south": { "uv": [ 9, 4.7, 9.5, 5.7 ], "texture": "#texture" },
				"west": { "uv": [ 6, 4.7, 6.5, 5.7 ], "texture": "#texture" },
				"east": { "uv": [ 9.5, 4.7, 10, 5.7 ], "texture": "#texture" }
			}
		},
		{
			"__comment": "Box34",
			"from": [ 9, 11.3, 6.5 ],
			"to": [ 9.5, 11.8, 7 ],
			"faces": {
				"down": { "uv": [ 9, 9, 9.5, 9.5 ], "texture": "#texture" },
				"up": { "uv": [ 9, 6.5, 9.5, 7 ], "texture": "#texture" },
				"north": { "uv": [ 6.5, 4.2, 7, 4.7 ], "texture": "#texture" },
				"south": { "uv": [ 9, 4.2, 9.5, 4.7 ], "texture": "#texture" },
				"west": { "uv": [ 6.5, 4.2, 7, 4.7 ], "texture": "#texture" },
				"east": { "uv": [ 9, 4.2, 9.5, 4.7 ], "texture": "#texture" }
			}
		},
		{
			"__comment": "Box34",
			"from": [ 9, 10.3, 6.5 ],
			"to": [ 9.5, 10.8, 7 ],
			"faces": {
				"down": { "uv": [ 9, 9, 9.5, 9.5 ], "texture": "#texture" },
				"up": { "uv": [ 9, 6.5, 9.5, 7 ], "texture": "#texture" },
				"north": { "uv": [ 6.5, 5.2, 7, 5.7 ], "texture": "#texture" },
				"south": { "uv": [ 9, 5.2, 9.5, 5.7 ], "texture": "#texture" },
				"west": { "uv": [ 6.5, 5.2, 7, 5.7 ], "texture": "#texture" },
				"east": { "uv": [ 9, 5.2, 9.5, 5.7 ], "texture": "#texture" }
			}
		},
		{
			"__comment": "Box6",
			"from": [ 0, 9, 5.5 ],
			"to": [ 6.5, 10, 8 ],
			"faces": {
				"down": { "uv": [ 0, 8, 6.5, 10.5 ], "texture": "#texture" },
				"up": { "uv": [ 0, 5.5, 6.5, 8 ], "texture": "#texture" },
				"north": { "uv": [ 9.5, 6, 16, 7 ], "texture": "#texture" },
				"south": { "uv": [ 0, 6, 6.5, 7 ], "texture": "#texture" },
				"west": { "uv": [ 5.5, 6, 8, 7 ], "texture": "#texture" },
				"east": { "uv": [ 8, 6, 10.5, 7 ], "texture": "#texture" }
			}
		}
	],
	"display": {
		"thirdperson_righthand": {
			"rotation":  [ 0, -90, 0 ],
			"translation":  [ -0.695, 0, 0 ],
			"scale":  [ 1, 1, 0.6869 ]
		},
		"thirdperson_lefthand": {
			"rotation":  [ 0, 90, 0 ],
			"translation":  [ 0.695, 0, 0 ],
			"scale":  [ 1, 1, 0.6869 ]
		},
		"firstperson_righthand": {
			"rotation":  [ 0, -95, 0 ],
			"translation":  [ -2.086, 3.4782, 1.3913 ],
			"scale":  [ 1, 0.826, 0.6173 ]
		},
		"firstperson_lefthand": {
			"rotation":  [ 0, 90, 0 ],
			"translation":  [ -2.086, 3.4782, 1.3913 ],
			"scale":  [ 1, 0.826, 0.6173 ]
		},
		"gui": {
			"rotation":  [ 0, 0, -39 ],
			"scale":  [ 0.8, 0.8, 0.8 ]
		},
		"ground": {
			"rotation":  [ 90, 0, 0 ],
			"translation":  [ 0, -2.086, 0 ],
			"scale":  [ 1, 0.8956, 0.7652 ]
		}
	}
}