{
    "parent": "item/handheld",
    "textures": {
        "layer0": "item/iron_sword"
    },
    "overrides": [
		{"predicate": {"custom_model_data":1}, "model": "item/iron_sword/butterfly_knife"},
		{"predicate": {"custom_model_data":2}, "model": "item/iron_sword/katana"},
		{"predicate": {"custom_model_data":3}, "model": "item/iron_sword/shiv"},
		{"predicate": {"custom_model_data":4}, "model": "item/iron_sword/athame"},
		{"predicate": {"custom_model_data":5}, "model": "item/iron_sword/mysts_edge"}
    ]
}
