{
	"parent": "item/generated",
	"textures": {
		"layer0": "item/potion_overlay",
		"layer1": "item/potion"
	},
	"overrides": [
		{"predicate": {"custom_model_data":1000000}, "model": "item/potion/beer_bucket"},
		{"predicate": {"custom_model_data":1000001}, "model": "item/potion/bourbon_bucket"},
		{"predicate": {"custom_model_data":1000002}, "model": "item/potion/vodka_bucket"},
		{"predicate": {"custom_model_data":1000003}, "model": "item/potion/whiskey_bucket"},
		{"predicate": {"custom_model_data":1000004}, "model": "item/potion/wine_bucket"},
		{"predicate": {"custom_model_data":1000005}, "model": "item/potion/hip_flask"}
	]
}
