{
    "parent": "item/generated",
    "textures": {
        "layer0": "item/white_dye"
    },
    "overrides": [
		{"predicate": {"custom_model_data":1}, "model": "item/white_dye/ammo/5.56x45mm"},
		{"predicate": {"custom_model_data":2}, "model": "item/white_dye/ammo/7.62x49mm.default"},
		{"predicate": {"custom_model_data":3}, "model": "item/white_dye/ammo/7.62x49mm.high_velocity"},
		{"predicate": {"custom_model_data":4}, "model": "item/white_dye/ammo/5.7x28mm"},
		{"predicate": {"custom_model_data":5}, "model": "item/white_dye/ammo/.308"},
		{"predicate": {"custom_model_data":6}, "model": "item/white_dye/reinforced_bars"},
		{"predicate": {"custom_model_data":7}, "model": "item/white_dye/ender_string"},
		{"predicate": {"custom_model_data":8}, "model": "item/white_dye/copper_cable"},
		{"predicate": {"custom_model_data":9}, "model": "item/white_dye/blueprint_fragment"},
		{"predicate": {"custom_model_data":10}, "model": "item/white_dye/salt"},
		{"predicate": {"custom_model_data":11}, "model": "item/white_dye/plastic"},
		{"predicate": {"custom_model_data":12}, "model": "item/white_dye/100_bill"},
		{"predicate": {"custom_model_data":13}, "model": "item/white_dye/posters/sabre"},
		{"predicate": {"custom_model_data":14}, "model": "item/white_dye/posters/calibre"},
		{"predicate": {"custom_model_data":15}, "model": "item/white_dye/uranium_238"},
		{"predicate": {"custom_model_data":16}, "model": "item/white_dye/uranium_235"},
		{"predicate": {"custom_model_data":17}, "model": "item/white_dye/crushed_uraninite"},
		{"predicate": {"custom_model_data":18}, "model": "item/white_dye/purified_uraninite"},
		{"predicate": {"custom_model_data":19}, "model": "item/white_dye/enriched_uranium"},
		{"predicate": {"custom_model_data":20}, "model": "item/white_dye/uranium_235_nugget"},
		{"predicate": {"custom_model_data":21}, "model": "item/white_dye/tape"},
		{"predicate": {"custom_model_data":22}, "model": "item/white_dye/acog"},
		{"predicate": {"custom_model_data":23}, "model": "item/white_dye/4x_scope"},
		{"predicate": {"custom_model_data":24}, "model": "item/white_dye/machine_frame"},
		{"predicate": {"custom_model_data":25}, "model": "item/white_dye/mystite_ore"},
		{"predicate": {"custom_model_data":26}, "model": "item/white_dye/mystite_ingot"},
		{"predicate": {"custom_model_data":27}, "model": "item/white_dye/steel_blend"},
		{"predicate": {"custom_model_data":28}, "model": "item/white_dye/axolotl_gills"},
		{"predicate": {"custom_model_data":29}, "model": "item/white_dye/mystite_rod"},
		{"predicate": {"custom_model_data":30}, "model": "item/white_dye/mystium_shard"},
		{"predicate": {"custom_model_data":31}, "model": "item/white_dye/mystiumite_ingot"},
		{"predicate": {"custom_model_data":32}, "model": "item/white_dye/kevlar_weave"},
		{"predicate": {"custom_model_data":33}, "model": "item/white_dye/lockpick"},
		{"predicate": {"custom_model_data":34}, "model": "item/white_dye/sanguine_tentacle"},
		{"predicate": {"custom_model_data":35}, "model": "item/white_dye/sanguine_tissue"},
		{"predicate": {"custom_model_data":36}, "model": "item/white_dye/carbonite"},

		{"predicate": {"custom_model_data":100}, "model": "item/white_dye/ammo/12g"},
		{"predicate": {"custom_model_data":101}, "model": "item/white_dye/ammo/.50ae"},
		
		{"predicate": {"custom_model_data":1000}, "model": "item/white_dye/spells/fireball"},
		
		{"predicate": {"custom_model_data":2000}, "model": "item/white_dye/posters/keyboard"},
		{"predicate": {"custom_model_data":2001}, "model": "item/white_dye/posters/ventmap"},
		{"predicate": {"custom_model_data":2002}, "model": "item/white_dye/posters/ventmap2"},
		{"predicate": {"custom_model_data":2003}, "model": "item/white_dye/posters/screen"},
		{"predicate": {"custom_model_data":2004}, "model": "item/white_dye/posters/screen2"}
    ]
}