{
	"__comment": "Made By Ubalube",
	"textures": {
		"texture": "gun/bfgbody",
		"texture1": "gun/grenadelaunchermag",
		"texture2": "gun/main_body_2",
		"texture3": "gun/grenadesight"
	},
	"elements": [ 	 
		{
			"__comment": "Box1",
			"from": [ 8, 4, 6 ],
			"to": [ 9, 7, 7 ],
			"faces": {
				"down": { "uv": [ 4.5, 10.5, 5.5, 15.5 ], "texture": "#texture1" },
				"up": { "uv": [ 5, 9.5, 6, 14.5 ], "texture": "#texture1" },
				"north": { "uv": [ 5, 10.5, 6, 15.5 ], "texture": "#texture1" },
				"south": { "uv": [ 4.5, 9.5, 5.5, 14.5 ], "texture": "#texture1" },
				"west": { "uv": [ 1.5, 9.5, 6.5, 14.5 ], "texture": "#texture1" },
				"east": { "uv": [ 2.5, 9.5, 7.5, 14.5 ], "texture": "#texture1" }
			}
		},
		{
			"__comment": "Box1",
			"from": [ 8, 4, 10 ],
			"to": [ 9, 7, 11 ],
			"faces": {
				"down": { "uv": [ 4.5, 10.5, 5.5, 15.5 ], "texture": "#texture1" },
				"up": { "uv": [ 5, 9.5, 6, 14.5 ], "texture": "#texture1" },
				"north": { "uv": [ 5, 10.5, 6, 15.5 ], "texture": "#texture1" },
				"south": { "uv": [ 4.5, 9.5, 5.5, 14.5 ], "texture": "#texture1" },
				"west": { "uv": [ 1.5, 9.5, 6.5, 14.5 ], "texture": "#texture1" },
				"east": { "uv": [ 2.5, 9.5, 7.5, 14.5 ], "texture": "#texture1" }
			}
		},
		{
			"__comment": "Box1",
			"from": [ 8, 3, 7 ],
			"to": [ 9, 4, 10 ],
			"faces": {
				"down": { "uv": [ 4.5, 10.5, 5.5, 15.5 ], "texture": "#texture1" },
				"up": { "uv": [ 5, 9.5, 6, 14.5 ], "texture": "#texture1" },
				"north": { "uv": [ 5, 10.5, 6, 15.5 ], "texture": "#texture1" },
				"south": { "uv": [ 4.5, 9.5, 5.5, 14.5 ], "texture": "#texture1" },
				"west": { "uv": [ 1.5, 9.5, 6.5, 14.5 ], "texture": "#texture1" },
				"east": { "uv": [ 2.5, 9.5, 7.5, 14.5 ], "texture": "#texture1" }
			}
		},
		{
			"__comment": "Box1",
			"from": [ 8, 7, 7 ],
			"to": [ 9, 8, 10 ],
			"faces": {
				"down": { "uv": [ 4.5, 10.5, 5.5, 15.5 ], "texture": "#texture1" },
				"up": { "uv": [ 5, 9.5, 6, 14.5 ], "texture": "#texture1" },
				"north": { "uv": [ 5, 10.5, 6, 15.5 ], "texture": "#texture1" },
				"south": { "uv": [ 4.5, 9.5, 5.5, 14.5 ], "texture": "#texture1" },
				"west": { "uv": [ 1.5, 9.5, 6.5, 14.5 ], "texture": "#texture1" },
				"east": { "uv": [ 2.5, 9.5, 7.5, 14.5 ], "texture": "#texture1" }
			}
		},
		{
			"__comment": "Box5",
			"from": [ 8, 4, 7 ],
			"to": [ 9, 7, 10 ],
			"faces": {
				"down": { "uv": [ 6.5, 4.5, 7, 7.5 ], "texture": "#texture1" },
				"up": { "uv": [ 7, 1, 7.5, 4 ], "texture": "#texture1" },
				"north": { "uv": [ 7, 4, 7.5, 7 ], "texture": "#texture1" },
				"south": { "uv": [ 4, 4, 4.5, 7 ], "texture": "#texture1" },
				"west": { "uv": [ 2.5, 2, 5.5, 5 ], "texture": "#texture1" },
				"east": { "uv": [ 3.5, 3, 6.5, 6 ], "texture": "#texture1" }
			}
		},
		{
			"__comment": "Box6",
			"from": [ 6, 5.5, 6.5 ],
			"to": [ 8, 8.5, 9.5 ],
			"rotation": { "origin": [ 6, 5.5, 6.5 ], "axis": "x", "angle": 45 },
			"faces": {
				"down": { "uv": [ 6.5, 4.5, 7, 7.5 ], "texture": "#texture1" },
				"up": { "uv": [ 7, 1, 7.5, 4 ], "texture": "#texture1" },
				"north": { "uv": [ 7, 4, 7.5, 7 ], "texture": "#texture1" },
				"south": { "uv": [ 4, 4, 4.5, 7 ], "texture": "#texture1" },
				"west": { "uv": [ 2.5, 2, 5.5, 5 ], "texture": "#texture1" },
				"east": { "uv": [ 3.5, 3, 6.5, 6 ], "texture": "#texture1" }
			}
		},
		{
			"__comment": "Box7",
			"from": [ 6.5, 3.5, 6.5 ],
			"to": [ 8, 7.5, 10.5 ],
			"faces": {
				"down": { "uv": [ 4, 10, 4.5, 14 ], "texture": "#texture1" },
				"up": { "uv": [ 2.5, 9.5, 3, 13.5 ], "texture": "#texture1" },
				"north": { "uv": [ 7, 8.5, 7.5, 12.5 ], "texture": "#texture1" },
				"south": { "uv": [ 7.5, 8.5, 8, 12.5 ], "texture": "#texture1" },
				"west": { "uv": [ 3, 9, 7, 13 ], "texture": "#texture1" },
				"east": { "uv": [ 2, 8.5, 6, 12.5 ], "texture": "#texture1" }
			}
		},
		{
			"__comment": "Box8",
			"from": [ 8.78, 4.2, 6.75 ],
			"to": [ 9.28, 5.2, 7.75 ],
			"faces": {
				"down": { "uv": [ 8, 7.5, 8.5, 8 ], "texture": "#texture1" },
				"up": { "uv": [ 8, 0, 8.5, 0.5 ], "texture": "#texture1" },
				"north": { "uv": [ 15.5, 2.5, 16, 3.5 ], "texture": "#texture1" },
				"south": { "uv": [ 8, 2, 8.5, 3 ], "texture": "#texture1" },
				"west": { "uv": [ 8, 0, 16, 8 ], "texture": "#texture1" },
				"east": { "uv": [ 8, 0, 16, 8 ], "texture": "#texture1" }
			}
		},
		{
			"__comment": "Box8",
			"from": [ 8.78, 4.2, 9.25 ],
			"to": [ 9.28, 5.2, 10.25 ],
			"faces": {
				"down": { "uv": [ 8, 7.5, 8.5, 8 ], "texture": "#texture1" },
				"up": { "uv": [ 8, 0, 8.5, 0.5 ], "texture": "#texture1" },
				"north": { "uv": [ 15.5, 2.5, 16, 3.5 ], "texture": "#texture1" },
				"south": { "uv": [ 8, 2, 8.5, 3 ], "texture": "#texture1" },
				"west": { "uv": [ 8, 0, 16, 8 ], "texture": "#texture1" },
				"east": { "uv": [ 8, 0, 16, 8 ], "texture": "#texture1" }
			}
		},
		{
			"__comment": "Box8",
			"from": [ 8.78, 3.6, 8 ],
			"to": [ 9.28, 4.6, 9 ],
			"faces": {
				"down": { "uv": [ 8, 7.5, 8.5, 8 ], "texture": "#texture1" },
				"up": { "uv": [ 8, 0, 8.5, 0.5 ], "texture": "#texture1" },
				"north": { "uv": [ 15.5, 2.5, 16, 3.5 ], "texture": "#texture1" },
				"south": { "uv": [ 8, 2, 8.5, 3 ], "texture": "#texture1" },
				"west": { "uv": [ 8, 0, 16, 8 ], "texture": "#texture1" },
				"east": { "uv": [ 8, 0, 16, 8 ], "texture": "#texture1" }
			}
		},
		{
			"__comment": "Box8",
			"from": [ 8.78, 6.4, 8 ],
			"to": [ 9.28, 7.4, 9 ],
			"faces": {
				"down": { "uv": [ 8, 7.5, 8.5, 8 ], "texture": "#texture1" },
				"up": { "uv": [ 8, 0, 8.5, 0.5 ], "texture": "#texture1" },
				"north": { "uv": [ 15.5, 2.5, 16, 3.5 ], "texture": "#texture1" },
				"south": { "uv": [ 8, 2, 8.5, 3 ], "texture": "#texture1" },
				"west": { "uv": [ 8, 0, 16, 8 ], "texture": "#texture1" },
				"east": { "uv": [ 8, 0, 16, 8 ], "texture": "#texture1" }
			}
		},
		{
			"__comment": "Box8",
			"from": [ 8.78, 5.8, 9.25 ],
			"to": [ 9.28, 6.8, 10.25 ],
			"faces": {
				"down": { "uv": [ 8, 7.5, 8.5, 8 ], "texture": "#texture1" },
				"up": { "uv": [ 8, 0, 8.5, 0.5 ], "texture": "#texture1" },
				"north": { "uv": [ 15.5, 2.5, 16, 3.5 ], "texture": "#texture1" },
				"south": { "uv": [ 8, 2, 8.5, 3 ], "texture": "#texture1" },
				"west": { "uv": [ 8, 0, 16, 8 ], "texture": "#texture1" },
				"east": { "uv": [ 8, 0, 16, 8 ], "texture": "#texture1" }
			}
		},
		{
			"__comment": "Box8",
			"from": [ 8.78, 5.8, 6.75 ],
			"to": [ 9.28, 6.8, 7.75 ],
			"faces": {
				"down": { "uv": [ 8, 7.5, 8.5, 8 ], "texture": "#texture1" },
				"up": { "uv": [ 8, 0, 8.5, 0.5 ], "texture": "#texture1" },
				"north": { "uv": [ 15.5, 2.5, 16, 3.5 ], "texture": "#texture1" },
				"south": { "uv": [ 8, 2, 8.5, 3 ], "texture": "#texture1" },
				"west": { "uv": [ 8, 0, 16, 8 ], "texture": "#texture1" },
				"east": { "uv": [ 8, 0, 16, 8 ], "texture": "#texture1" }
			}
		},
		{
			"__comment": "Box14",
			"from": [ 8.599999, 5.5, 6.5 ],
			"to": [ 9.099999, 8.5, 9.5 ],
			"rotation": { "origin": [ 8.6, 5.5, 6.5 ], "axis": "x", "angle": 45 },
			"faces": {
				"down": { "uv": [ 6.5, 4.5, 7, 7.5 ], "texture": "#texture1" },
				"up": { "uv": [ 7, 1, 7.5, 4 ], "texture": "#texture1" },
				"north": { "uv": [ 7, 4, 7.5, 7 ], "texture": "#texture1" },
				"south": { "uv": [ 4, 4, 4.5, 7 ], "texture": "#texture1" },
				"west": { "uv": [ 2.5, 2, 5.5, 5 ], "texture": "#texture1" },
				"east": { "uv": [ 3.5, 3, 6.5, 6 ], "texture": "#texture1" }
			}
		},
		{
			"__comment": "Box15",
			"from": [ 9.5, 5.5, 5.7 ],
			"to": [ 10, 9.5, 9.7 ],
			"rotation": { "origin": [ 9.5, 5.5, 5.7 ], "axis": "x", "angle": 45 },
			"faces": {
				"down": { "uv": [ 9.5, 5.5, 10, 9.5 ], "texture": "#texture2" },
				"up": { "uv": [ 9.5, 6.5, 10, 10.5 ], "texture": "#texture2" },
				"north": { "uv": [ 6, 8.5, 6.5, 12.5 ], "texture": "#texture2" },
				"south": { "uv": [ 9.5, 8.5, 10, 12.5 ], "texture": "#texture2" },
				"west": { "uv": [ 6.5, 8.5, 10.5, 12.5 ], "texture": "#texture2" },
				"east": { "uv": [ 5.5, 8.5, 9.5, 12.5 ], "texture": "#texture2" }
			}
		},
		{
			"__comment": "Box16",
			"from": [ 6, 2.5, 7.5 ],
			"to": [ 10.5, 3, 9.5 ],
			"faces": {
				"down": { "uv": [ 6, 6.5, 10.5, 8.5 ], "texture": "#texture" },
				"up": { "uv": [ 6, 7.5, 10.5, 9.5 ], "texture": "#texture" },
				"north": { "uv": [ 5.5, 13, 10, 13.5 ], "texture": "#texture" },
				"south": { "uv": [ 6, 13, 10.5, 13.5 ], "texture": "#texture" },
				"west": { "uv": [ 7.5, 13, 9.5, 13.5 ], "texture": "#texture" },
				"east": { "uv": [ 6.5, 13, 8.5, 13.5 ], "texture": "#texture" }
			}
		},
		{
			"__comment": "Box17",
			"from": [ 10, 3, 7.5 ],
			"to": [ 10.5, 8, 9.5 ],
			"faces": {
				"down": { "uv": [ 10, 6.5, 10.5, 8.5 ], "texture": "#texture" },
				"up": { "uv": [ 10, 7.5, 10.5, 9.5 ], "texture": "#texture" },
				"north": { "uv": [ 5.5, 8, 6, 13 ], "texture": "#texture" },
				"south": { "uv": [ 10, 8, 10.5, 13 ], "texture": "#texture" },
				"west": { "uv": [ 7.5, 8, 9.5, 13 ], "texture": "#texture" },
				"east": { "uv": [ 6.5, 8, 8.5, 13 ], "texture": "#texture" }
			}
		},
		{
			"__comment": "Box18",
			"from": [ 10.5, 5.5, 7 ],
			"to": [ 14, 7, 10 ],
			"faces": {
				"down": { "uv": [ 10.5, 6, 14, 9 ], "texture": "#texture" },
				"up": { "uv": [ 10.5, 7, 14, 10 ], "texture": "#texture" },
				"north": { "uv": [ 2, 9, 5.5, 10.5 ], "texture": "#texture" },
				"south": { "uv": [ 10.5, 9, 14, 10.5 ], "texture": "#texture" },
				"west": { "uv": [ 7, 9, 10, 10.5 ], "texture": "#texture" },
				"east": { "uv": [ 6, 9, 9, 10.5 ], "texture": "#texture" }
			}
		},
		{
			"__comment": "Box19",
			"from": [ 13.5, 2.5, 7.5 ],
			"to": [ 15, 6, 9.5 ],
			"rotation": { "origin": [ 13.5, 2.5, 7.5 ], "axis": "z", "angle": 22.5 },
			"faces": {
				"down": { "uv": [ 12, 1, 13.5, 2 ], "texture": "#texture" },
				"up": { "uv": [ 12, 14, 13.5, 15 ], "texture": "#texture" },
				"north": { "uv": [ 2.5, 10.5, 4, 14 ], "texture": "#texture" },
				"south": { "uv": [ 12, 10.5, 13.5, 14 ], "texture": "#texture" },
				"west": { "uv": [ 14, 10.5, 15, 14 ], "texture": "#texture" },
				"east": { "uv": [ 1, 10.5, 2, 14 ], "texture": "#texture" }
			}
		},
		{
			"__comment": "Box20",
			"from": [ 12, 4, 8 ],
			"to": [ 13, 5.5, 9 ],
			"faces": {
				"down": { "uv": [ 12, 7, 13, 8 ], "texture": "#texture" },
				"up": { "uv": [ 12, 8, 13, 9 ], "texture": "#texture" },
				"north": { "uv": [ 3, 10.5, 4, 12 ], "texture": "#texture" },
				"south": { "uv": [ 12, 10.5, 13, 12 ], "texture": "#texture" },
				"west": { "uv": [ 8, 10.5, 9, 12 ], "texture": "#texture" },
				"east": { "uv": [ 7, 10.5, 8, 12 ], "texture": "#texture" }
			}
		},
		{
			"__comment": "Box21",
			"from": [ 10.5, 4, 8 ],
			"to": [ 12, 4.5, 9 ],
			"faces": {
				"down": { "uv": [ 10.5, 7, 12, 8 ], "texture": "#texture" },
				"up": { "uv": [ 10.5, 8, 12, 9 ], "texture": "#texture" },
				"north": { "uv": [ 4, 11.5, 5.5, 12 ], "texture": "#texture" },
				"south": { "uv": [ 10.5, 11.5, 12, 12 ], "texture": "#texture" },
				"west": { "uv": [ 8, 11.5, 9, 12 ], "texture": "#texture" },
				"east": { "uv": [ 7, 11.5, 8, 12 ], "texture": "#texture" }
			}
		},
		{
			"__comment": "Box22",
			"from": [ 10, 7.05, 7.5 ],
			"to": [ 12.5, 8.049999, 9.5 ],
			"rotation": { "origin": [ 10, 7.05, 7.5 ], "axis": "z", "angle": -22.5 },
			"faces": {
				"down": { "uv": [ 10.5, 1, 12.5, 2 ], "texture": "#texture" },
				"up": { "uv": [ 10.5, 14, 12.5, 15 ], "texture": "#texture" },
				"north": { "uv": [ 3.5, 8, 5.5, 9 ], "texture": "#texture" },
				"south": { "uv": [ 10.5, 8, 12.5, 9 ], "texture": "#texture" },
				"west": { "uv": [ 14, 8, 15, 9 ], "texture": "#texture" },
				"east": { "uv": [ 1, 8, 2, 9 ], "texture": "#texture" }
			}
		},
		{
			"__comment": "Box23",
			"from": [ 10, 7.5, 8 ],
			"to": [ 15, 8.5, 9 ],
			"faces": {
				"down": { "uv": [ 10, 7, 15, 8 ], "texture": "#texture" },
				"up": { "uv": [ 10, 8, 15, 9 ], "texture": "#texture" },
				"north": { "uv": [ 1, 7.5, 6, 8.5 ], "texture": "#texture" },
				"south": { "uv": [ 10, 7.5, 15, 8.5 ], "texture": "#texture" },
				"west": { "uv": [ 8, 7.5, 9, 8.5 ], "texture": "#texture" },
				"east": { "uv": [ 7, 7.5, 8, 8.5 ], "texture": "#texture" }
			}
		},
		{
			"__comment": "Box24",
			"from": [ 13, 5.5, 8 ],
			"to": [ 14, 8.5, 9 ],
			"rotation": { "origin": [ 13, 5.5, 8 ], "axis": "z", "angle": -22.5 },
			"faces": {
				"down": { "uv": [ 14, 1, 15, 2 ], "texture": "#texture" },
				"up": { "uv": [ 14, 14, 15, 15 ], "texture": "#texture" },
				"north": { "uv": [ 1, 8.5, 2, 10.5 ], "texture": "#texture" },
				"south": { "uv": [ 14, 8.5, 15, 10.5 ], "texture": "#texture" },
				"west": { "uv": [ 14, 8.5, 15, 10.5 ], "texture": "#texture" },
				"east": { "uv": [ 1, 8.5, 2, 10.5 ], "texture": "#texture" }
			}
		},
		{
			"__comment": "Box25",
			"from": [ 15, 6, 7 ],
			"to": [ 19.5, 7.5, 10 ],
			"faces": {
				"down": { "uv": [ 15, 6, 16, 9 ], "texture": "#texture2" },
				"up": { "uv": [ 15, 7, 16, 10 ], "texture": "#texture2" },
				"north": { "uv": [ 0, 8.5, 1, 10 ], "texture": "#texture2" },
				"south": { "uv": [ 15, 8.5, 16, 10 ], "texture": "#texture2" },
				"west": { "uv": [ 7, 8.5, 10, 10 ], "texture": "#texture2" },
				"east": { "uv": [ 6, 8.5, 9, 10 ], "texture": "#texture2" }
			}
		},
		{
			"__comment": "Box26",
			"from": [ 17, 4.5, 7.5 ],
			"to": [ 20, 7.5, 9.5 ],
			"rotation": { "origin": [ 17, 4.5, 7.5 ], "axis": "z", "angle": -22.5 },
			"faces": {
				"down": { "uv": [ 2, 1, 4.5, 2 ], "texture": "#texture2" },
				"up": { "uv": [ 2, 14, 4.5, 15 ], "texture": "#texture2" },
				"north": { "uv": [ 11.5, 10, 14, 12 ], "texture": "#texture2" },
				"south": { "uv": [ 2, 10, 4.5, 12 ], "texture": "#texture2" },
				"west": { "uv": [ 14, 10, 15, 12 ], "texture": "#texture2" },
				"east": { "uv": [ 1, 10, 2, 12 ], "texture": "#texture2" }
			}
		},
		{
			"__comment": "Box27",
			"from": [ 19.5, 3.5, 7 ],
			"to": [ 21, 8.5, 10 ],
			"faces": {
				"down": { "uv": [ 3.5, 6, 5, 9 ], "texture": "#texture" },
				"up": { "uv": [ 3.5, 7, 5, 10 ], "texture": "#texture" },
				"north": { "uv": [ 11, 7.5, 12.5, 12.5 ], "texture": "#texture" },
				"south": { "uv": [ 3.5, 7.5, 5, 12.5 ], "texture": "#texture" },
				"west": { "uv": [ 7, 7.5, 10, 12.5 ], "texture": "#texture" },
				"east": { "uv": [ 6, 7.5, 9, 12.5 ], "texture": "#texture" }
			}
		},
		{
			"__comment": "Box28",
			"from": [ 19.5, 3, 7 ],
			"to": [ 21, 3.5, 10 ],
			"faces": {
				"down": { "uv": [ 3.5, 6, 5, 9 ], "texture": "#texture" },
				"up": { "uv": [ 3.5, 7, 5, 10 ], "texture": "#texture" },
				"north": { "uv": [ 11, 12.5, 12.5, 13 ], "texture": "#texture" },
				"south": { "uv": [ 3.5, 12.5, 5, 13 ], "texture": "#texture" },
				"west": { "uv": [ 7, 12.5, 10, 13 ], "texture": "#texture" },
				"east": { "uv": [ 6, 12.5, 9, 13 ], "texture": "#texture" }
			}
		},
		{
			"__comment": "Box29",
			"from": [ 16, 5.5, 8 ],
			"to": [ 18.5, 6, 9 ],
			"faces": {
				"down": { "uv": [ 0, 7, 2.5, 8 ], "texture": "#texture" },
				"up": { "uv": [ 0, 8, 2.5, 9 ], "texture": "#texture" },
				"north": { "uv": [ 13.5, 10, 16, 10.5 ], "texture": "#texture" },
				"south": { "uv": [ 0, 10, 2.5, 10.5 ], "texture": "#texture" },
				"west": { "uv": [ 8, 10, 9, 10.5 ], "texture": "#texture" },
				"east": { "uv": [ 7, 10, 8, 10.5 ], "texture": "#texture" }
			}
		},
		{
			"__comment": "Box30",
			"from": [ 14, 5.5, 8 ],
			"to": [ 16, 6, 9 ],
			"faces": {
				"down": { "uv": [ 14, 7, 16, 8 ], "texture": "#texture" },
				"up": { "uv": [ 14, 8, 16, 9 ], "texture": "#texture" },
				"north": { "uv": [ 0, 10, 2, 10.5 ], "texture": "#texture" },
				"south": { "uv": [ 14, 10, 16, 10.5 ], "texture": "#texture" },
				"west": { "uv": [ 8, 10, 9, 10.5 ], "texture": "#texture" },
				"east": { "uv": [ 7, 10, 8, 10.5 ], "texture": "#texture" }
			}
		},
		{
			"__comment": "Box31",
			"from": [ 5.5, 3, 7 ],
			"to": [ 6, 8.5, 10 ],
			"faces": {
				"down": { "uv": [ 5.5, 6, 6, 9 ], "texture": "#texture" },
				"up": { "uv": [ 5.5, 7, 6, 10 ], "texture": "#texture" },
				"north": { "uv": [ 10, 7.5, 10.5, 13 ], "texture": "#texture" },
				"south": { "uv": [ 5.5, 7.5, 6, 13 ], "texture": "#texture" },
				"west": { "uv": [ 7, 7.5, 10, 13 ], "texture": "#texture" },
				"east": { "uv": [ 6, 7.5, 9, 13 ], "texture": "#texture" }
			}
		},
		{
			"__comment": "Box33",
			"from": [ 5.5, 8.5, 7.75 ],
			"to": [ 11, 9.5, 9.25 ],
			"faces": {
				"down": { "uv": [ 5.5, 6.75, 11, 8.25 ], "texture": "#texture" },
				"up": { "uv": [ 5.5, 7.75, 11, 9.25 ], "texture": "#texture" },
				"north": { "uv": [ 5, 6.5, 10.5, 7.5 ], "texture": "#texture" },
				"south": { "uv": [ 5.5, 6.5, 11, 7.5 ], "texture": "#texture" },
				"west": { "uv": [ 7.75, 6.5, 9.25, 7.5 ], "texture": "#texture" },
				"east": { "uv": [ 6.75, 6.5, 8.25, 7.5 ], "texture": "#texture" }
			}
		},
		{
			"__comment": "Box34",
			"from": [ 5, 6, 6.4 ],
			"to": [ 5.5, 9, 9.4 ],
			"rotation": { "origin": [ 5, 6, 6.4 ], "axis": "x", "angle": 45 },
			"faces": {
				"down": { "uv": [ 5, 6, 5.5, 9 ], "texture": "#texture2" },
				"up": { "uv": [ 5, 7, 5.5, 10 ], "texture": "#texture2" },
				"north": { "uv": [ 10.5, 9, 11, 12 ], "texture": "#texture2" },
				"south": { "uv": [ 5, 9, 5.5, 12 ], "texture": "#texture2" },
				"west": { "uv": [ 7, 9, 10, 12 ], "texture": "#texture2" },
				"east": { "uv": [ 6, 9, 9, 12 ], "texture": "#texture2" }
			}
		},
		{
			"__comment": "Box35",
			"from": [ 0, 6, 7.5 ],
			"to": [ 5, 7, 9.5 ],
			"faces": {
				"down": { "uv": [ 0, 6.5, 5, 8.5 ], "texture": "#texture2" },
				"up": { "uv": [ 0, 7.5, 5, 9.5 ], "texture": "#texture2" },
				"north": { "uv": [ 11, 9, 16, 10 ], "texture": "#texture2" },
				"south": { "uv": [ 0, 9, 5, 10 ], "texture": "#texture2" },
				"west": { "uv": [ 7.5, 9, 9.5, 10 ], "texture": "#texture2" },
				"east": { "uv": [ 6.5, 9, 8.5, 10 ], "texture": "#texture2" }
			}
		},
		{
			"__comment": "Box36",
			"from": [ 0.001, 7, 8.5 ],
			"to": [ 5.001, 8, 9.5 ],
			"rotation": { "origin": [ 5.001, 7, 9.5 ], "axis": "x", "angle": -22.5 },
			"faces": {
				"down": { "uv": [ 0, 6.5, 5, 7.5 ], "texture": "#texture2", "rotation": 180 },
				"up": { "uv": [ 0, 8.5, 5, 9.5 ], "texture": "#texture2", "rotation": 180 },
				"north": { "uv": [ 0, 8, 5, 9 ], "texture": "#texture2" },
				"south": { "uv": [ 11, 8, 16, 9 ], "texture": "#texture2" },
				"west": { "uv": [ 6.5, 8, 7.5, 9 ], "texture": "#texture2" },
				"east": { "uv": [ 8.5, 8, 9.5, 9 ], "texture": "#texture2" }
			}
		},
		{
			"__comment": "Box36",
			"from": [ 0.001, 7, 7.5 ],
			"to": [ 5.001, 8, 8.5 ],
			"rotation": { "origin": [ 0.001, 7, 7.5 ], "axis": "x", "angle": 22.5 },
			"faces": {
				"down": { "uv": [ 0, 6.5, 5, 7.5 ], "texture": "#texture2" },
				"up": { "uv": [ 0, 8.5, 5, 9.5 ], "texture": "#texture2" },
				"north": { "uv": [ 11, 8, 16, 9 ], "texture": "#texture2" },
				"south": { "uv": [ 0, 8, 5, 9 ], "texture": "#texture2" },
				"west": { "uv": [ 8.5, 8, 9.5, 9 ], "texture": "#texture2" },
				"east": { "uv": [ 6.5, 8, 7.5, 9 ], "texture": "#texture2" }
			}
		},
		{
			"__comment": "Box37",
			"from": [ 0, 7, 8 ],
			"to": [ 5, 8, 9 ],
			"faces": {
				"down": { "uv": [ 0, 7, 5, 8 ], "texture": "#texture2" },
				"up": { "uv": [ 0, 8, 5, 9 ], "texture": "#texture2" },
				"north": { "uv": [ 11, 8, 16, 9 ], "texture": "#texture2" },
				"south": { "uv": [ 0, 8, 5, 9 ], "texture": "#texture2" },
				"west": { "uv": [ 8, 8, 9, 9 ], "texture": "#texture2" },
				"east": { "uv": [ 7, 8, 8, 9 ], "texture": "#texture2" }
			}
		},
		{
			"__comment": "Box38",
			"from": [ 0.7, 6, 9.25 ],
			"to": [ 4.2, 7, 9.75 ],
			"faces": {
				"down": { "uv": [ 0.7, 6.25, 4.2, 6.75 ], "texture": "#texture" },
				"up": { "uv": [ 0.7, 9.25, 4.2, 9.75 ], "texture": "#texture" },
				"north": { "uv": [ 11.8, 9, 15.3, 10 ], "texture": "#texture" },
				"south": { "uv": [ 0.7, 9, 4.2, 10 ], "texture": "#texture" },
				"west": { "uv": [ 9.25, 9, 9.75, 10 ], "texture": "#texture" },
				"east": { "uv": [ 6.25, 9, 6.75, 10 ], "texture": "#texture" }
			}
		},
		{
			"__comment": "Box39",
			"from": [ 0.001, 5, 8.5 ],
			"to": [ 5.001, 6, 9.5 ],
			"rotation": { "origin": [ 0.001, 6, 9.5 ], "axis": "x", "angle": 22.5 },
			"faces": {
				"down": { "uv": [ 0, 8.5, 5, 9.5 ], "texture": "#texture2" },
				"up": { "uv": [ 0, 6.5, 5, 7.5 ], "texture": "#texture2" },
				"north": { "uv": [ 5, 11, 0, 10 ], "texture": "#texture2" },
				"south": { "uv": [ 16, 11, 11, 10 ], "texture": "#texture2" },
				"west": { "uv": [ 8.5, 10, 9.5, 11 ], "texture": "#texture2", "rotation": 180 },
				"east": { "uv": [ 6.5, 10, 7.5, 11 ], "texture": "#texture2", "rotation": 180 }
			}
		},
		{
			"__comment": "Box39",
			"from": [ 0.001, 5, 7.5 ],
			"to": [ 5.001, 6, 8.5 ],
			"rotation": { "origin": [ 5.001, 6, 7.5 ], "axis": "x", "angle": -22.5 },
			"faces": {
				"down": { "uv": [ 0, 8.5, 5, 9.5 ], "texture": "#texture2", "rotation": 180 },
				"up": { "uv": [ 0, 6.5, 5, 7.5 ], "texture": "#texture2", "rotation": 180 },
				"north": { "uv": [ 16, 11, 11, 10 ], "texture": "#texture2" },
				"south": { "uv": [ 5, 11, 0, 10 ], "texture": "#texture2" },
				"west": { "uv": [ 6.5, 10, 7.5, 11 ], "texture": "#texture2", "rotation": 180 },
				"east": { "uv": [ 8.5, 10, 9.5, 11 ], "texture": "#texture2", "rotation": 180 }
			}
		},
		{
			"__comment": "Box37",
			"from": [ 0, 5, 8 ],
			"to": [ 5, 6, 9 ],
			"faces": {
				"down": { "uv": [ 0, 7, 5, 8 ], "texture": "#texture2" },
				"up": { "uv": [ 0, 8, 5, 9 ], "texture": "#texture2" },
				"north": { "uv": [ 11, 10, 16, 11 ], "texture": "#texture2" },
				"south": { "uv": [ 0, 10, 5, 11 ], "texture": "#texture2" },
				"west": { "uv": [ 8, 10, 9, 11 ], "texture": "#texture2" },
				"east": { "uv": [ 7, 10, 8, 11 ], "texture": "#texture2" }
			}
		},
		{
			"__comment": "Box43",
			"from": [ -0.5, 6, 8 ],
			"to": [ 0, 7.5, 9 ],
			"faces": {
				"down": { "uv": [ 15.5, 7, 16, 8 ], "texture": "#texture" },
				"up": { "uv": [ 15.5, 8, 16, 9 ], "texture": "#texture" },
				"north": { "uv": [ 0, 8.5, 0.5, 10 ], "texture": "#texture" },
				"south": { "uv": [ 15.5, 8.5, 16, 10 ], "texture": "#texture" },
				"west": { "uv": [ 8, 8.5, 9, 10 ], "texture": "#texture" },
				"east": { "uv": [ 7, 8.5, 8, 10 ], "texture": "#texture" }
			}
		},
		{
			"__comment": "Box38",
			"from": [ 0.7, 6, 7.25 ],
			"to": [ 4.2, 7, 7.75 ],
			"faces": {
				"down": { "uv": [ 0.7, 8.25, 4.2, 8.75 ], "texture": "#texture" },
				"up": { "uv": [ 0.7, 7.25, 4.2, 7.75 ], "texture": "#texture" },
				"north": { "uv": [ 11.8, 9, 15.3, 10 ], "texture": "#texture" },
				"south": { "uv": [ 0.7, 9, 4.2, 10 ], "texture": "#texture" },
				"west": { "uv": [ 7.25, 9, 7.75, 10 ], "texture": "#texture" },
				"east": { "uv": [ 8.25, 9, 8.75, 10 ], "texture": "#texture" }
			}
		},
		{
			"__comment": "Box45",
			"from": [ 0.7, 4.75, 8 ],
			"to": [ 4.2, 5.25, 9 ],
			"faces": {
				"down": { "uv": [ 0.7, 7, 4.2, 8 ], "texture": "#texture" },
				"up": { "uv": [ 0.7, 8, 4.2, 9 ], "texture": "#texture" },
				"north": { "uv": [ 11.8, 10.75, 15.3, 11.25 ], "texture": "#texture" },
				"south": { "uv": [ 0.7, 10.75, 4.2, 11.25 ], "texture": "#texture" },
				"west": { "uv": [ 8, 10.75, 9, 11.25 ], "texture": "#texture" },
				"east": { "uv": [ 7, 10.75, 8, 11.25 ], "texture": "#texture" }
			}
		},
		{
			"__comment": "Box45",
			"from": [ 0.7, 7.75, 8 ],
			"to": [ 4.2, 8.25, 9 ],
			"faces": {
				"down": { "uv": [ 0.7, 7, 4.2, 8 ], "texture": "#texture" },
				"up": { "uv": [ 0.7, 8, 4.2, 9 ], "texture": "#texture" },
				"north": { "uv": [ 11.8, 7.75, 15.3, 8.25 ], "texture": "#texture" },
				"south": { "uv": [ 0.7, 7.75, 4.2, 8.25 ], "texture": "#texture" },
				"west": { "uv": [ 8, 7.75, 9, 8.25 ], "texture": "#texture" },
				"east": { "uv": [ 7, 7.75, 8, 8.25 ], "texture": "#texture" }
			}
		},
		{
			"__comment": "Box46",
			"from": [ 2.5, 2, 8 ],
			"to": [ 3.5, 5, 9 ],
			"faces": {
				"down": { "uv": [ 2.5, 7, 3.5, 8 ], "texture": "#texture" },
				"up": { "uv": [ 2.5, 8, 3.5, 9 ], "texture": "#texture" },
				"north": { "uv": [ 12.5, 11, 13.5, 14 ], "texture": "#texture" },
				"south": { "uv": [ 2.5, 11, 3.5, 14 ], "texture": "#texture" },
				"west": { "uv": [ 8, 11, 9, 14 ], "texture": "#texture" },
				"east": { "uv": [ 7, 11, 8, 14 ], "texture": "#texture" }
			}
		},
		{
			"__comment": "Box47",
			"from": [ 2, 4.5, 7.75 ],
			"to": [ 4, 5.5, 9.25 ],
			"faces": {
				"down": { "uv": [ 2, 6.75, 4, 8.25 ], "texture": "#texture" },
				"up": { "uv": [ 2, 7.75, 4, 9.25 ], "texture": "#texture" },
				"north": { "uv": [ 12, 10.5, 14, 11.5 ], "texture": "#texture" },
				"south": { "uv": [ 2, 10.5, 4, 11.5 ], "texture": "#texture" },
				"west": { "uv": [ 7.75, 10.5, 9.25, 11.5 ], "texture": "#texture" },
				"east": { "uv": [ 6.75, 10.5, 8.25, 11.5 ], "texture": "#texture" }
			}
		},
		{
			"__comment": "Box48",
			"from": [ 5.5, 8.5, 8 ],
			"to": [ 6, 10, 9 ],
			"rotation": { "origin": [ 5.5, 8.5, 8 ], "axis": "z", "angle": 22.5 },
			"faces": {
				"down": { "uv": [ 5, 1, 5.5, 2 ], "texture": "#texture" },
				"up": { "uv": [ 5, 14, 5.5, 15 ], "texture": "#texture" },
				"north": { "uv": [ 10.5, 6, 11, 7.5 ], "texture": "#texture" },
				"south": { "uv": [ 5, 6, 5.5, 7.5 ], "texture": "#texture" },
				"west": { "uv": [ 14, 6, 15, 7.5 ], "texture": "#texture" },
				"east": { "uv": [ 1, 6, 2, 7.5 ], "texture": "#texture" }
			}
		},
		{
			"__comment": "Box49",
			"from": [ 15.0001, 7.5, 7 ],
			"to": [ 19.5001, 8.5, 8 ],
			"rotation": { "origin": [ 15.0001, 7.5, 7 ], "axis": "x", "angle": 22.5 },
			"faces": {
				"down": { "uv": [ 15, 8, 16, 9 ], "texture": "#texture2" },
				"up": { "uv": [ 15, 7, 16, 8 ], "texture": "#texture2" },
				"north": { "uv": [ 0, 7.5, 1, 8.5 ], "texture": "#texture2" },
				"south": { "uv": [ 15, 7.5, 16, 8.5 ], "texture": "#texture2" },
				"west": { "uv": [ 7, 7.5, 8, 8.5 ], "texture": "#texture2" },
				"east": { "uv": [ 8, 7.5, 9, 8.5 ], "texture": "#texture2" }
			}
		},
		{
			"__comment": "Box49",
			"from": [ 15.0001, 7.5, 9 ],
			"to": [ 19.5001, 8.5, 10 ],
			"rotation": { "origin": [ 19.5001, 7.5, 10 ], "axis": "x", "angle": -22.5 },
			"faces": {
				"down": { "uv": [ 15, 8, 16, 9 ], "texture": "#texture2", "rotation": 180 },
				"up": { "uv": [ 15, 7, 16, 8 ], "texture": "#texture2", "rotation": 180 },
				"north": { "uv": [ 15, 7.5, 16, 8.5 ], "texture": "#texture2" },
				"south": { "uv": [ 0, 7.5, 1, 8.5 ], "texture": "#texture2" },
				"west": { "uv": [ 8, 7.5, 9, 8.5 ], "texture": "#texture2" },
				"east": { "uv": [ 7, 7.5, 8, 8.5 ], "texture": "#texture2" }
			}
		},
		{
			"__comment": "Box51",
			"from": [ 15, 7.5, 7.5 ],
			"to": [ 19.5, 8.5, 9.5 ],
			"faces": {
				"down": { "uv": [ 15, 6.5, 16, 8.5 ], "texture": "#texture2" },
				"up": { "uv": [ 15, 7.5, 16, 9.5 ], "texture": "#texture2" },
				"north": { "uv": [ 0, 7.5, 1, 8.5 ], "texture": "#texture2" },
				"south": { "uv": [ 15, 7.5, 16, 8.5 ], "texture": "#texture2" },
				"west": { "uv": [ 7.5, 7.5, 9.5, 8.5 ], "texture": "#texture2" },
				"east": { "uv": [ 6.5, 7.5, 8.5, 8.5 ], "texture": "#texture2" }
			}
		},
		{
			"__comment": "Box52",
			"from": [ 6, 9, 7.5 ],
			"to": [ 8.5, 10, 9.5 ],
			"faces": {
				"down": { "uv": [ 6, 6.5, 8.5, 8.5 ], "texture": "#texture" },
				"up": { "uv": [ 6, 7.5, 8.5, 9.5 ], "texture": "#texture" },
				"north": { "uv": [ 7.5, 6, 10, 7 ], "texture": "#texture" },
				"south": { "uv": [ 6, 6, 8.5, 7 ], "texture": "#texture" },
				"west": { "uv": [ 7.5, 6, 9.5, 7 ], "texture": "#texture" },
				"east": { "uv": [ 6.5, 6, 8.5, 7 ], "texture": "#texture" }
			}
		},
		{
			"__comment": "Box53",
			"from": [ 6.5, 9, 8.15 ],
			"to": [ 8, 10.5, 8.95 ],
			"rotation": { "origin": [ 6.5, 9, 8.15 ], "axis": "z", "angle": 22.5 },
			"faces": {
				"down": { "uv": [ 6, 6.75, 8.5, 8.25 ], "texture": "#texture" },
				"up": { "uv": [ 6, 7.75, 8.5, 9.25 ], "texture": "#texture" },
				"north": { "uv": [ 7.5, 4.5, 10, 6 ], "texture": "#texture" },
				"south": { "uv": [ 6, 4.5, 8.5, 6 ], "texture": "#texture" },
				"west": { "uv": [ 7.75, 4.5, 9.25, 6 ], "texture": "#texture" },
				"east": { "uv": [ 6.75, 4.5, 8.25, 6 ], "texture": "#texture" }
			}
		},
		{
			"__comment": "Box54",
			"from": [ 5.5, 10.5, 7.6 ],
			"to": [ 9, 12, 7.96 ],
			"faces": {
				"down": { "uv": [ 5.5, 8.039999, 9, 8.4 ], "texture": "#texture" },
				"up": { "uv": [ 5.5, 7.6, 9, 7.96 ], "texture": "#texture" },
				"north": { "uv": [ 7, 4, 10.5, 5.5 ], "texture": "#texture" },
				"south": { "uv": [ 5.5, 4, 9, 5.5 ], "texture": "#texture" },
				"west": { "uv": [ 7.6, 4, 7.960001, 5.5 ], "texture": "#texture" },
				"east": { "uv": [ 8.04, 4, 8.4, 5.5 ], "texture": "#texture" }
			}
		},
		{
			"__comment": "Box55",
			"from": [ 7, 10, 7.5 ],
			"to": [ 8.5, 11.5, 8 ],
			"faces": {
				"down": { "uv": [ 7, 8, 8.5, 8.5 ], "texture": "#texture" },
				"up": { "uv": [ 7, 7.5, 8.5, 8 ], "texture": "#texture" },
				"north": { "uv": [ 7.5, 4.5, 9, 6 ], "texture": "#texture" },
				"south": { "uv": [ 7, 4.5, 8.5, 6 ], "texture": "#texture" },
				"west": { "uv": [ 7.5, 4.5, 8, 6 ], "texture": "#texture" },
				"east": { "uv": [ 8, 4.5, 8.5, 6 ], "texture": "#texture" }
			}
		},
		{
			"__comment": "Box55",
			"from": [ 7, 10, 9 ],
			"to": [ 8.5, 11.5, 9.5 ],
			"faces": {
				"down": { "uv": [ 7, 6.5, 8.5, 7 ], "texture": "#texture" },
				"up": { "uv": [ 7, 9, 8.5, 9.5 ], "texture": "#texture" },
				"north": { "uv": [ 7.5, 4.5, 9, 6 ], "texture": "#texture" },
				"south": { "uv": [ 7, 4.5, 8.5, 6 ], "texture": "#texture" },
				"west": { "uv": [ 9, 4.5, 9.5, 6 ], "texture": "#texture" },
				"east": { "uv": [ 6.5, 4.5, 7, 6 ], "texture": "#texture" }
			}
		},
		{
			"__comment": "Box54",
			"from": [ 5.5, 10.5, 9.05 ],
			"to": [ 9, 12, 9.41 ],
			"faces": {
				"down": { "uv": [ 5.5, 6.59, 9, 6.95 ], "texture": "#texture" },
				"up": { "uv": [ 5.5, 9.05, 9, 9.41 ], "texture": "#texture" },
				"north": { "uv": [ 7, 4, 10.5, 5.5 ], "texture": "#texture" },
				"south": { "uv": [ 5.5, 4, 9, 5.5 ], "texture": "#texture" },
				"west": { "uv": [ 9.05, 4, 9.41, 5.5 ], "texture": "#texture" },
				"east": { "uv": [ 6.59, 4, 6.95, 5.5 ], "texture": "#texture" }
			}
		},
		{
			"__comment": "Box58",
			"from": [ 5.5, 10.4, 8 ],
			"to": [ 9, 10.75, 9 ],
			"faces": {
				"down": { "uv": [ 5.5, 7, 9, 8 ], "texture": "#texture" },
				"up": { "uv": [ 5.5, 8, 9, 9 ], "texture": "#texture" },
				"north": { "uv": [ 7, 5.25, 10.5, 5.6 ], "texture": "#texture" },
				"south": { "uv": [ 5.5, 5.25, 9, 5.6 ], "texture": "#texture" },
				"west": { "uv": [ 8, 5.25, 9, 5.6 ], "texture": "#texture" },
				"east": { "uv": [ 7, 5.25, 8, 5.6 ], "texture": "#texture" }
			}
		},
		{
			"__comment": "Box58",
			"from": [ 5.5, 11.9, 7.9 ],
			"to": [ 9, 12.25, 9.11 ],
			"faces": {
				"down": { "uv": [ 5.5, 6.89, 9, 8.1 ], "texture": "#texture" },
				"up": { "uv": [ 5.5, 7.9, 9, 9.11 ], "texture": "#texture" },
				"north": { "uv": [ 7, 3.75, 10.5, 4.1 ], "texture": "#texture" },
				"south": { "uv": [ 5.5, 3.75, 9, 4.1 ], "texture": "#texture" },
				"west": { "uv": [ 7.9, 3.75, 9.11, 4.1 ], "texture": "#texture" },
				"east": { "uv": [ 6.89, 3.75, 8.1, 4.1 ], "texture": "#texture" }
			}
		},
		{
			"__comment": "Box60",
			"from": [ 8, 10.9, 7.9 ],
			"to": [ 8.001, 12.1, 9.099999 ],
			"faces": {
				"down": { "uv": [ 8, 7, 8.5, 8 ], "texture": "#texture3" },
				"up": { "uv": [ 8, 8, 8.5, 9 ], "texture": "#texture3" },
				"north": { "uv": [ 7.5, 4, 8, 5 ], "texture": "#texture3" },
				"south": { "uv": [ 7.5, 4, 8, 5 ], "texture": "#texture3" },
				"west": { "uv": [ 0, 0, 16, 16 ], "texture": "#texture3" },
				"east": { "uv": [ 0, 0, 16, 16 ], "texture": "#texture3" }
			}
		},
		{
			"__comment": "Box61",
			"from": [ 5.5, 10.5, 8 ],
			"to": [ 9, 11, 9 ],
			"faces": {
				"down": { "uv": [ 5.5, 7, 9, 8 ], "texture": "#texture" },
				"up": { "uv": [ 5.5, 8, 9, 9 ], "texture": "#texture" },
				"north": { "uv": [ 7, 5, 10.5, 5.5 ], "texture": "#texture" },
				"south": { "uv": [ 5.5, 5, 9, 5.5 ], "texture": "#texture" },
				"west": { "uv": [ 8, 5, 9, 5.5 ], "texture": "#texture" },
				"east": { "uv": [ 7, 5, 8, 5.5 ], "texture": "#texture" }
			}
		},
		{
			"__comment": "Box16",
			"from": [ 6, 8, 7.5 ],
			"to": [ 10.5, 8.5, 9.5 ],
			"faces": {
				"down": { "uv": [ 6, 6.5, 10.5, 8.5 ], "texture": "#texture" },
				"up": { "uv": [ 6, 7.5, 10.5, 9.5 ], "texture": "#texture" },
				"north": { "uv": [ 5.5, 7.5, 10, 8 ], "texture": "#texture" },
				"south": { "uv": [ 6, 7.5, 10.5, 8 ], "texture": "#texture" },
				"west": { "uv": [ 7.5, 7.5, 9.5, 8 ], "texture": "#texture" },
				"east": { "uv": [ 6.5, 7.5, 8.5, 8 ], "texture": "#texture" }
			}
		}
	],
	"display": {
		"thirdperson_righthand": {
			"rotation":  [ 0, -90, 0 ],
			"translation":  [ 0, 2.0869, -2.782 ]
		},
		"thirdperson_lefthand": {
			"rotation":  [ 0, 90, 0 ],
			"translation":  [ 0, 2.0869, -2.782 ]
		},
		"firstperson_righthand": {
			"rotation":  [ 0, -95, 0 ],
			"translation":  [ -0.695, 3.4782, -3.478 ]
		},
		"firstperson_lefthand": {
			"rotation":  [ 0, 90, 0 ],
			"translation":  [ -0.695, 3.4782, -3.478 ]
		},
		"gui": {
			"rotation":  [ 0, 0, -45 ],
			"translation":  [ 0, 1.3913, 0 ],
			"scale":  [ 0.6, 0.6, 0.6 ]
		},
		"ground": {
			"rotation":  [ 90, 0, 0 ],
			"translation":  [ -2.782, -2.086, 0 ]
		},
		"fixed": {
			"translation":  [ -2.782, 0, -2.086 ]
		}
	},
    "overrides": [
        {
            "predicate": {
                "aiming": 1.0
            },
            "model": "caliber:item/grenadelauncher_aiming"
        }
    ]
}