{
	"__comment": "Designed by Sibsib92 with BDcraft Cubik PRO 0.91 Beta - http://bdcraft.net",
	"ambientocclusion": false,
	"textures": {
		"particle": "block/cauldron_inner",
		"texture": "block/nether_portal"
	},
	"elements": [
		{
			"__comment": "Staff",
			"from": [ 7.5, 3, 7.5 ],
			"to": [ 8.5, 16, 8.5 ],
			"faces": {
				"down": { "uv": [ 7.5, 8.5, 8.5, 7.5 ], "texture": "#particle" },
				"north": { "uv": [ 7.5, 0, 8.5, 13 ], "texture": "#particle" },
				"south": { "uv": [ 7.5, 0, 8.5, 13 ], "texture": "#particle" },
				"west": { "uv": [ 7.5, 0, 8.5, 13 ], "texture": "#particle" },
				"east": { "uv": [ 7.5, 0, 8.5, 13 ], "texture": "#particle" }
			}
		},
		{
			"__comment": "Staff",
			"from": [ 8, 23, 8 ],
			"to": [ 9, 25, 9 ],
			"faces": {
				"down": { "uv": [ 8, 9, 7, 8 ], "texture": "#particle" },
				"up": { "uv": [ 8, 8, 9, 9 ], "texture": "#particle" },
				"north": { "uv": [ 7, 7, 8, 9 ], "texture": "#particle" },
				"south": { "uv": [ 8, 7, 9, 9 ], "texture": "#particle" },
				"west": { "uv": [ 8, 7, 9, 9 ], "texture": "#particle" },
				"east": { "uv": [ 7, 7, 8, 9 ], "texture": "#particle" }
			}
		},
		{
			"__comment": "Staff",
			"from": [ 7, 16, 7.5 ],
			"to": [ 9, 24, 8.5 ],
			"faces": {
				"down": { "uv": [ 9, 8.5, 7, 7.5 ], "texture": "#particle" },
				"up": { "uv": [ 7, 7.5, 9, 8.5 ], "texture": "#particle" },
				"north": { "uv": [ 7, 8, 9, 16 ], "texture": "#particle" },
				"south": { "uv": [ 7, 8, 9, 16 ], "texture": "#particle" },
				"west": { "uv": [ 7.5, 8, 8.5, 16 ], "texture": "#particle" },
				"east": { "uv": [ 7.5, 8, 8.5, 16 ], "texture": "#particle" }
			}
		},
		{
			"__comment": "Staff",
			"from": [ 7.5, 16, 7 ],
			"to": [ 8.5, 24, 9 ],
			"faces": {
				"down": { "uv": [ 8.5, 9, 7.5, 7 ], "texture": "#particle" },
				"up": { "uv": [ 7.5, 7, 8.5, 9 ], "texture": "#particle" },
				"north": { "uv": [ 7.5, 8, 8.5, 16 ], "texture": "#particle" },
				"south": { "uv": [ 7.5, 8, 8.5, 16 ], "texture": "#particle" },
				"west": { "uv": [ 7, 8, 9, 16 ], "texture": "#particle" },
				"east": { "uv": [ 7, 8, 9, 16 ], "texture": "#particle" }
			}
		},
		{
			"__comment": "Staff",
			"from": [ 7, 24, 6.5 ],
			"to": [ 8, 26, 7.5 ],
			"faces": {
				"down": { "uv": [ 9, 7.5, 8, 6.5 ], "texture": "#particle" },
				"up": { "uv": [ 7, 6.5, 8, 7.5 ], "texture": "#particle" },
				"north": { "uv": [ 8, 6, 9, 8 ], "texture": "#particle" },
				"south": { "uv": [ 7, 6, 8, 8 ], "texture": "#particle" },
				"west": { "uv": [ 6.5, 6, 7.5, 8 ], "texture": "#particle" },
				"east": { "uv": [ 8.5, 6, 9.5, 8 ], "texture": "#particle" }
			}
		},
		{
			"__comment": "Staff",
			"from": [ 6.5, 23, 7.5 ],
			"to": [ 7.5, 25, 8.5 ],
			"faces": {
				"down": { "uv": [ 9.5, 8.5, 8.5, 7.5 ], "texture": "#particle" },
				"up": { "uv": [ 6.5, 7.5, 7.5, 8.5 ], "texture": "#particle" },
				"north": { "uv": [ 8.5, 7, 9.5, 9 ], "texture": "#particle" },
				"south": { "uv": [ 6.5, 7, 7.5, 9 ], "texture": "#particle" },
				"west": { "uv": [ 7.5, 7, 8.5, 9 ], "texture": "#particle" },
				"east": { "uv": [ 7.5, 7, 8.5, 9 ], "texture": "#particle" }
			}
		},
		{
			"__comment": "Staff",
			"from": [ 6, 24, 8 ],
			"to": [ 7, 27, 9 ],
			"faces": {
				"down": { "uv": [ 10, 9, 9, 8 ], "texture": "#particle" },
				"north": { "uv": [ 9, 5, 10, 8 ], "texture": "#particle" },
				"south": { "uv": [ 6, 5, 7, 8 ], "texture": "#particle" },
				"west": { "uv": [ 8, 5, 9, 8 ], "texture": "#particle" },
				"east": { "uv": [ 7, 5, 8, 8 ], "texture": "#particle" }
			}
		},
		{
			"__comment": "Staff",
			"from": [ 7.5, 25, 6 ],
			"to": [ 8.5, 27, 7 ],
			"faces": {
				"down": { "uv": [ 8.5, 7, 7.5, 6 ], "texture": "#particle" },
				"north": { "uv": [ 7.5, 5, 8.5, 7 ], "texture": "#particle" },
				"south": { "uv": [ 7.5, 5, 8.5, 7 ], "texture": "#particle" },
				"west": { "uv": [ 6, 5, 7, 7 ], "texture": "#particle" },
				"east": { "uv": [ 9, 5, 10, 7 ], "texture": "#particle" }
			}
		},
		{
			"__comment": "Staff",
			"from": [ 5.5, 26, 8.5 ],
			"to": [ 6.5, 28, 9.5 ],
			"faces": {
				"down": { "uv": [ 10.5, 9.5, 9.5, 8.5 ], "texture": "#particle" },
				"up": { "uv": [ 5.5, 8.5, 6.5, 9.5 ], "texture": "#particle" },
				"north": { "uv": [ 9.5, 4, 10.5, 6 ], "texture": "#particle" },
				"south": { "uv": [ 5.5, 4, 6.5, 6 ], "texture": "#particle" },
				"west": { "uv": [ 8.5, 4, 9.5, 6 ], "texture": "#particle" },
				"east": { "uv": [ 6.5, 4, 7.5, 6 ], "texture": "#particle" }
			}
		},
		{
			"__comment": "Staff",
			"from": [ 7.5, 26, 5.5 ],
			"to": [ 8.5, 28, 6.5 ],
			"faces": {
				"down": { "uv": [ 8.5, 6.5, 7.5, 5.5 ], "texture": "#particle" },
				"up": { "uv": [ 7.5, 5.5, 8.5, 6.5 ], "texture": "#particle" },
				"north": { "uv": [ 7.5, 4, 8.5, 6 ], "texture": "#particle" },
				"south": { "uv": [ 7.5, 4, 8.5, 6 ], "texture": "#particle" },
				"west": { "uv": [ 5.5, 4, 6.5, 6 ], "texture": "#particle" },
				"east": { "uv": [ 9.5, 4, 10.5, 6 ], "texture": "#particle" }
			}
		},
		{
			"__comment": "Staff",
			"from": [ 8.5, 24, 8.5 ],
			"to": [ 9.5, 26, 9.5 ],
			"faces": {
				"down": { "uv": [ 7.5, 9.5, 6.5, 8.5 ], "texture": "#particle" },
				"up": { "uv": [ 8.5, 8.5, 9.5, 9.5 ], "texture": "#particle" },
				"north": { "uv": [ 6.5, 6, 7.5, 8 ], "texture": "#particle" },
				"south": { "uv": [ 8.5, 6, 9.5, 8 ], "texture": "#particle" },
				"west": { "uv": [ 8.5, 6, 9.5, 8 ], "texture": "#particle" },
				"east": { "uv": [ 6.5, 6, 7.5, 8 ], "texture": "#particle" }
			}
		},
		{
			"__comment": "Staff",
			"from": [ 9.5, 27, 9.5 ],
			"to": [ 10.5, 29, 10.5 ],
			"faces": {
				"down": { "uv": [ 6.5, 10.5, 5.5, 9.5 ], "texture": "#particle" },
				"up": { "uv": [ 9.5, 9.5, 10.5, 10.5 ], "texture": "#particle" },
				"north": { "uv": [ 5.5, 3, 6.5, 5 ], "texture": "#particle" },
				"south": { "uv": [ 9.5, 3, 10.5, 5 ], "texture": "#particle" },
				"west": { "uv": [ 9.5, 3, 10.5, 5 ], "texture": "#particle" },
				"east": { "uv": [ 5.5, 3, 6.5, 5 ], "texture": "#particle" }
			}
		},
		{
			"__comment": "Staff",
			"from": [ 9, 25, 9 ],
			"to": [ 10, 28, 10 ],
			"faces": {
				"down": { "uv": [ 7, 10, 6, 9 ], "texture": "#particle" },
				"up": { "uv": [ 9, 9, 10, 10 ], "texture": "#particle" },
				"north": { "uv": [ 6, 4, 7, 7 ], "texture": "#particle" },
				"south": { "uv": [ 9, 4, 10, 7 ], "texture": "#particle" },
				"west": { "uv": [ 9, 4, 10, 7 ], "texture": "#particle" },
				"east": { "uv": [ 6, 4, 7, 7 ], "texture": "#particle" }
			}
		},
		{
			"from": [ 9, 27, 7 ],
			"to": [ 10, 29, 9 ],
			"faces": {
				"down": { "uv": [ 7, 9, 6, 7 ], "texture": "#texture" },
				"up": { "uv": [ 9, 7, 10, 9 ], "texture": "#texture" },
				"north": { "uv": [ 6, 3, 7, 5 ], "texture": "#texture" },
				"south": { "uv": [ 9, 3, 10, 5 ], "texture": "#texture" },
				"east": { "uv": [ 7, 3, 9, 5 ], "texture": "#texture" }
			}
		},
		{
			"from": [ 6, 27, 7 ],
			"to": [ 7, 29, 9 ],
			"faces": {
				"down": { "uv": [ 10, 9, 9, 7 ], "texture": "#texture" },
				"up": { "uv": [ 6, 7, 7, 9 ], "texture": "#texture" },
				"north": { "uv": [ 9, 3, 10, 5 ], "texture": "#texture" },
				"south": { "uv": [ 6, 3, 7, 5 ], "texture": "#texture" },
				"west": { "uv": [ 7, 3, 9, 5 ], "texture": "#texture" }
			}
		},
		{
			"from": [ 7, 27, 6 ],
			"to": [ 9, 29, 7 ],
			"faces": {
				"down": { "uv": [ 9, 7, 7, 6 ], "texture": "#texture" },
				"up": { "uv": [ 7, 6, 9, 7 ], "texture": "#texture" },
				"north": { "uv": [ 7, 3, 9, 5 ], "texture": "#texture" },
				"west": { "uv": [ 6, 3, 7, 5 ], "texture": "#texture" },
				"east": { "uv": [ 9, 3, 10, 5 ], "texture": "#texture" }
			}
		},
		{
			"from": [ 7, 27, 9 ],
			"to": [ 9, 29, 10 ],
			"faces": {
				"down": { "uv": [ 9, 10, 7, 9 ], "texture": "#texture" },
				"up": { "uv": [ 7, 9, 9, 10 ], "texture": "#texture" },
				"south": { "uv": [ 7, 3, 9, 5 ], "texture": "#texture" },
				"west": { "uv": [ 9, 3, 10, 5 ], "texture": "#texture" },
				"east": { "uv": [ 6, 3, 7, 5 ], "texture": "#texture" }
			}
		},
		{
			"from": [ 7, 29, 7 ],
			"to": [ 9, 30, 9 ],
			"faces": {
				"up": { "uv": [ 7, 7, 9, 9 ], "texture": "#texture" },
				"north": { "uv": [ 7, 2, 9, 3 ], "texture": "#texture" },
				"south": { "uv": [ 7, 2, 9, 3 ], "texture": "#texture" },
				"west": { "uv": [ 7, 2, 9, 3 ], "texture": "#texture" },
				"east": { "uv": [ 7, 2, 9, 3 ], "texture": "#texture" }
			}
		},
		{
			"from": [ 7, 26, 7 ],
			"to": [ 9, 27, 9 ],
			"faces": {
				"down": { "uv": [ 9, 9, 7, 7 ], "texture": "#texture" },
				"north": { "uv": [ 7, 5, 9, 6 ], "texture": "#texture" },
				"south": { "uv": [ 7, 5, 9, 6 ], "texture": "#texture" },
				"west": { "uv": [ 7, 5, 9, 6 ], "texture": "#texture" },
				"east": { "uv": [ 7, 5, 9, 6 ], "texture": "#texture" }
			}
		}
	],
	"display": {
		"thirdperson_righthand": {
			"translation":  [ 0, -4, 2 ]
		},
		"thirdperson_lefthand": {
			"translation":  [ 0, -4, 2 ]
		},
		"firstperson_righthand": {
			"rotation":  [ -35, 180, 0 ],
			"translation":  [ 0, -8, 0 ]
		},
		"firstperson_lefthand": {
			"rotation":  [ -35, 180, 0 ],
			"translation":  [ 0, -8, 0 ]
		},
		"gui": {
			"rotation":  [ 52, 42, -70 ],
			"translation":  [ -4.9, -4.75, 0 ],
			"scale":  [ 0.75, 0.75, 0.75 ]
		},
		"head": {
			"rotation":  [ 0, 0, 35 ],
			"translation":  [ 0, -10, 2.5 ]
		},
		"ground": {
			"translation":  [ 0, -5, 0 ],
			"scale":  [ 1.5, 1.5, 1.5 ]
		},
		"fixed": {
			"translation":  [ 0, -6, -1 ],
			"scale":  [ 1.25, 1.25, 1.25 ]
		}
	}
}