{
	"__comment": "M40 Model made by HUNAJAMELONI",
	"textures": {
		"texture": "item/coas/guns/bolt-action_rifle"
	},
	"elements": [
		{
			"from": [ 3.4375, 9.5625, 12 ],
			"to": [ 18.875, 10, 12.4375 ],
			"faces": {
				"down": { "uv": [ 8.5, 6, 12.75, 6.5 ], "texture": "#texture" },
				"up": { "uv": [ 9, 6.75, 12.5, 7.25 ], "texture": "#texture" },
				"north": { "uv": [ 8.25, 6.25, 12.75, 7.5 ], "texture": "#texture" },
				"south": { "uv": [ 8.25, 6.25, 12.75, 7.5 ], "texture": "#texture" },
				"west": { "uv": [ 9.5, 6.25, 10.5, 6.75 ], "texture": "#texture" },
				"east": { "uv": [ 10, 6.25, 11, 6.75 ], "texture": "#texture" }
			}
		},
		{
			"from": [ 10, 8.5, 11.75 ],
			"to": [ 12, 9.5, 12.75 ],
			"faces": {
				"down": { "uv": [ 3, 3, 7.5, 3.5 ], "texture": "#texture" },
				"up": { "uv": [ 3, 1.5, 7.5, 2 ], "texture": "#texture" },
				"north": { "uv": [ 3, 1.5, 7.5, 3.5 ], "texture": "#texture" },
				"south": { "uv": [ 3, 1.5, 7.5, 3.5 ], "texture": "#texture" },
				"west": { "uv": [ 3, 1.5, 4.25, 3.5 ], "texture": "#texture" },
				"east": { "uv": [ 3, 1.5, 4.25, 3.5 ], "texture": "#texture" }
			}
		},
		{
			"from": [ 12, 8.75, 11.75 ],
			"to": [ 13, 9.5, 12.75 ],
			"faces": {
				"down": { "uv": [ 3, 3, 7.25, 3.5 ], "texture": "#texture" },
				"up": { "uv": [ 3, 1.5, 7.25, 2 ], "texture": "#texture" },
				"north": { "uv": [ 3, 1.5, 7.5, 3.5 ], "texture": "#texture" },
				"south": { "uv": [ 3, 1.5, 7.5, 3.5 ], "texture": "#texture" },
				"west": { "uv": [ 3, 1.5, 5.25, 3.5 ], "texture": "#texture" },
				"east": { "uv": [ 3, 1.5, 5.25, 3.5 ], "texture": "#texture" }
			}
		},
		{
			"from": [ 3.5, 8.5, 11.75 ],
			"to": [ 10, 9.5, 12.75 ],
			"faces": {
				"down": { "uv": [ 3, 3, 7.5, 3.5 ], "texture": "#texture" },
				"up": { "uv": [ 8, 6.5, 13.75, 7.5 ], "texture": "#texture" },
				"north": { "uv": [ 3, 1.5, 7.5, 3.5 ], "texture": "#texture" },
				"south": { "uv": [ 3, 1.5, 7.5, 3.5 ], "texture": "#texture" },
				"west": { "uv": [ 3, 1.75, 4, 3.5 ], "texture": "#texture" },
				"east": { "uv": [ 3, 1.75, 4, 3.5 ], "texture": "#texture" }
			}
		},
		{
			"from": [ 3.5, 8.25, 11.75 ],
			"to": [ 8.75, 8.5, 12.75 ],
			"faces": {
				"down": { "uv": [ 3, 3, 7.25, 3.5 ], "texture": "#texture" },
				"up": { "uv": [ 3, 2.5, 7.25, 3 ], "texture": "#texture" },
				"north": { "uv": [ 3, 3, 7.5, 3.5 ], "texture": "#texture" },
				"south": { "uv": [ 3, 3, 7.5, 3.5 ], "texture": "#texture" },
				"west": { "uv": [ 3.5, 2.5, 4.5, 2.75 ], "texture": "#texture" },
				"east": { "uv": [ 3.5, 2.5, 4.5, 2.75 ], "texture": "#texture" }
			}
		},
		{
			"from": [ 3.5, 8, 11.75 ],
			"to": [ 7.25, 8.25, 12.75 ],
			"faces": {
				"down": { "uv": [ 3.25, 3, 6.75, 3.5 ], "texture": "#texture" },
				"up": { "uv": [ 3.25, 3, 6.75, 3.5 ], "texture": "#texture" },
				"north": { "uv": [ 3, 3.25, 6.75, 3.5 ], "texture": "#texture" },
				"south": { "uv": [ 3, 3.25, 6.75, 3.5 ], "texture": "#texture" },
				"west": { "uv": [ 4.75, 3.25, 5.75, 3.5 ], "texture": "#texture" },
				"east": { "uv": [ 4.75, 3.25, 5.75, 3.5 ], "texture": "#texture" }
			}
		},
		{
			"from": [ -1.375, 6.1875, 11.75 ],
			"to": [ 4, 7.625, 12.75 ],
			"rotation": { "origin": [ -1.375, 7.625, 11.75 ], "axis": "z", "angle": 22.5 },
			"faces": {
				"down": { "uv": [ 3, 2.25, 7.5, 2.75 ], "texture": "#texture" },
				"up": { "uv": [ 3, 1.5, 7.5, 2 ], "texture": "#texture" },
				"north": { "uv": [ 3, 1.75, 7.5, 3.25 ], "texture": "#texture" },
				"south": { "uv": [ 3, 1.75, 7.5, 3.25 ], "texture": "#texture" },
				"west": { "uv": [ 3, 1.5, 4, 2.75 ], "texture": "#texture" },
				"east": { "uv": [ 3, 1.5, 4, 2.75 ], "texture": "#texture" }
			}
		},
		{
			"from": [ -3.1875, 7.0625, 11.75 ],
			"to": [ 0.0625, 8.5625, 12.75 ],
			"faces": {
				"down": { "uv": [ 3, 2.25, 7.5, 2.75 ], "texture": "#texture" },
				"up": { "uv": [ 3, 1.5, 7.5, 2 ], "texture": "#texture" },
				"north": { "uv": [ 3, 1.75, 7.5, 2.75 ], "texture": "#texture" },
				"south": { "uv": [ 3, 1.75, 7.5, 2.75 ], "texture": "#texture" },
				"west": { "uv": [ 3.5, 1.5, 4.5, 2.75 ], "texture": "#texture" },
				"east": { "uv": [ 3.5, 1.5, 4.5, 2.75 ], "texture": "#texture" }
			}
		},
		{
			"from": [ -4.5, 6.3125, 11.75 ],
			"to": [ -1.75, 8.5625, 12.75 ],
			"faces": {
				"down": { "uv": [ 3, 3, 7.5, 3.5 ], "texture": "#texture" },
				"up": { "uv": [ 3, 1.5, 7.5, 2 ], "texture": "#texture" },
				"north": { "uv": [ 3, 1.75, 7.5, 3 ], "texture": "#texture" },
				"south": { "uv": [ 3, 1.75, 7.5, 3 ], "texture": "#texture" },
				"west": { "uv": [ 4, 1.5, 5, 2 ], "texture": "#texture" },
				"east": { "uv": [ 4, 1.5, 5, 2 ], "texture": "#texture" }
			}
		},
		{
			"from": [ 0.0625, 7.75, 11.75 ],
			"to": [ 1.4375, 8.5625, 12.75 ],
			"rotation": { "origin": [ 0.0625, 8.5625, 11.75 ], "axis": "z", "angle": -45 },
			"faces": {
				"down": { "uv": [ 3, 2.25, 7.5, 2.75 ], "texture": "#texture" },
				"up": { "uv": [ 3, 1.5, 7.5, 2 ], "texture": "#texture" },
				"north": { "uv": [ 3, 1.5, 7.25, 3 ], "texture": "#texture" },
				"south": { "uv": [ 3, 1.5, 7.25, 3 ], "texture": "#texture" },
				"west": { "uv": [ 3, 1.75, 4, 3 ], "texture": "#texture" },
				"east": { "uv": [ 3, 1.75, 4, 3 ], "texture": "#texture" }
			}
		},
		{
			"from": [ -3, 5.5, 11.75 ],
			"to": [ -1.0625, 6.9375, 12.75 ],
			"rotation": { "origin": [ -3, 6.9375, 11.75 ], "axis": "z", "angle": 22.5 },
			"faces": {
				"down": { "uv": [ 3, 3, 6.75, 3.5 ], "texture": "#texture" },
				"up": { "uv": [ 3, 2, 6.75, 3 ], "texture": "#texture" },
				"north": { "uv": [ 3.25, 2, 7.5, 3.25 ], "texture": "#texture" },
				"south": { "uv": [ 3.25, 2, 7.5, 3.25 ], "texture": "#texture" },
				"west": { "uv": [ 4, 2, 5, 3 ], "texture": "#texture" },
				"east": { "uv": [ 4, 2, 5, 3 ], "texture": "#texture" }
			}
		},
		{
			"from": [ -4.5, 5.5, 11.75 ],
			"to": [ -2.25, 7, 12.75 ],
			"faces": {
				"down": { "uv": [ 3, 3, 7.25, 3.5 ], "texture": "#texture" },
				"up": { "uv": [ 3, 1.5, 7.25, 2 ], "texture": "#texture" },
				"north": { "uv": [ 3, 2, 7.5, 3.25 ], "texture": "#texture" },
				"south": { "uv": [ 3, 2, 7.5, 3.25 ], "texture": "#texture" },
				"west": { "uv": [ 4.75, 1.5, 6, 2 ], "texture": "#texture" },
				"east": { "uv": [ 4.75, 1.5, 6, 2 ], "texture": "#texture" }
			}
		},
		{
			"from": [ 3.75, 7.5, 12 ],
			"to": [ 4, 8, 12.5 ],
			"faces": {
				"down": { "uv": [ 8.75, 6.5, 10.75, 7.5 ], "texture": "#texture" },
				"up": { "uv": [ 8.75, 6.5, 10.75, 7.5 ], "texture": "#texture" },
				"north": { "uv": [ 8.75, 6.25, 11.75, 7.25 ], "texture": "#texture" },
				"south": { "uv": [ 8.75, 6.25, 11.75, 7.25 ], "texture": "#texture" },
				"west": { "uv": [ 10.5, 6.25, 11.5, 7.5 ], "texture": "#texture" },
				"east": { "uv": [ 10.5, 6.25, 11.5, 7.5 ], "texture": "#texture" }
			}
		},
		{
			"from": [ 4.3125, 7.25, 12 ],
			"to": [ 5.0625, 7.5625, 12.5 ],
			"rotation": { "origin": [ 4.3125, 7.5625, 12 ], "axis": "z", "angle": 45 },
			"faces": {
				"down": { "uv": [ 9, 6.5, 13.25, 7.5 ], "texture": "#texture" },
				"up": { "uv": [ 9, 6.5, 13.25, 7.5 ], "texture": "#texture" },
				"north": { "uv": [ 8.25, 6.25, 13.75, 7.25 ], "texture": "#texture" },
				"south": { "uv": [ 8.25, 6.25, 13.75, 7.25 ], "texture": "#texture" },
				"west": { "uv": [ 10, 6.25, 11, 7.5 ], "texture": "#texture" },
				"east": { "uv": [ 10, 6.25, 11, 7.5 ], "texture": "#texture" }
			}
		},
		{
			"from": [ 3.75, 7.3125, 12 ],
			"to": [ 4.5, 7.5625, 12.5 ],
			"faces": {
				"down": { "uv": [ 8.25, 6, 12.5, 6.25 ], "texture": "#texture" },
				"up": { "uv": [ 8.25, 6, 12.5, 6.25 ], "texture": "#texture" },
				"north": { "uv": [ 8.25, 6.5, 13.75, 7 ], "texture": "#texture" },
				"south": { "uv": [ 8.25, 6.5, 13.75, 7 ], "texture": "#texture" },
				"west": { "uv": [ 8.75, 6.5, 9.75, 7.5 ], "texture": "#texture" },
				"east": { "uv": [ 8.75, 6.5, 9.75, 7.5 ], "texture": "#texture" }
			}
		},
		{
			"from": [ -0.0625, 5.9375, 11.75 ],
			"to": [ 1.3125, 6.75, 12.75 ],
			"rotation": { "origin": [ -0.0625, 6.75, 11.75 ], "axis": "z", "angle": 45 },
			"faces": {
				"down": { "uv": [ 3, 2.25, 7.5, 2.75 ], "texture": "#texture" },
				"up": { "uv": [ 3, 1.5, 7.5, 2 ], "texture": "#texture" },
				"north": { "uv": [ 3, 1.5, 7.25, 3 ], "texture": "#texture" },
				"south": { "uv": [ 3, 1.5, 7.25, 3 ], "texture": "#texture" },
				"west": { "uv": [ 3, 1.75, 4, 3 ], "texture": "#texture" },
				"east": { "uv": [ 3, 1.75, 4, 3 ], "texture": "#texture" }
			}
		},
		{
			"from": [ 0, 6.5, 11.75 ],
			"to": [ 0.875, 7.3125, 12.75 ],
			"rotation": { "origin": [ 0, 7.3125, 11.75 ], "axis": "z", "angle": -22.5 },
			"faces": {
				"down": { "uv": [ 3, 2.25, 7.5, 2.75 ], "texture": "#texture" },
				"up": { "uv": [ 3, 1.5, 7.5, 2 ], "texture": "#texture" },
				"north": { "uv": [ 3, 1.5, 7.25, 3 ], "texture": "#texture" },
				"south": { "uv": [ 3, 1.5, 7.25, 3 ], "texture": "#texture" },
				"west": { "uv": [ 3, 1.75, 4, 3 ], "texture": "#texture" },
				"east": { "uv": [ 3, 1.75, 4, 3 ], "texture": "#texture" }
			}
		},
		{
			"from": [ 13, 9, 11.75 ],
			"to": [ 13.75, 9.5, 12.75 ],
			"faces": {
				"down": { "uv": [ 3, 3, 7.25, 3.5 ], "texture": "#texture" },
				"up": { "uv": [ 3, 1.5, 7.25, 2 ], "texture": "#texture" },
				"north": { "uv": [ 3, 1.5, 7.5, 3.5 ], "texture": "#texture" },
				"south": { "uv": [ 3, 1.5, 7.5, 3.5 ], "texture": "#texture" },
				"west": { "uv": [ 3, 1.5, 5.25, 3.5 ], "texture": "#texture" },
				"east": { "uv": [ 3, 1.5, 5.25, 3.5 ], "texture": "#texture" }
			}
		},
		{
			"from": [ 13.75, 9.25, 11.75 ],
			"to": [ 14.5, 9.5, 12.75 ],
			"faces": {
				"down": { "uv": [ 3, 3, 7.25, 3.5 ], "texture": "#texture" },
				"up": { "uv": [ 3, 1.5, 7.25, 2 ], "texture": "#texture" },
				"north": { "uv": [ 3, 1.5, 7.5, 3.5 ], "texture": "#texture" },
				"south": { "uv": [ 3, 1.5, 7.5, 3.5 ], "texture": "#texture" },
				"west": { "uv": [ 3, 1.5, 5.25, 3.5 ], "texture": "#texture" },
				"east": { "uv": [ 3, 1.5, 5.25, 3.5 ], "texture": "#texture" }
			}
		},
		{
			"from": [ 3.75, 9.5, 11.75 ],
			"to": [ 14.5, 9.75, 12.75 ],
			"faces": {
				"down": { "uv": [ 8.5, 6, 12.75, 6.5 ], "texture": "#texture" },
				"up": { "uv": [ 9, 6.75, 12.5, 7.25 ], "texture": "#texture" },
				"north": { "uv": [ 8.25, 6.25, 12.75, 7.5 ], "texture": "#texture" },
				"south": { "uv": [ 8.25, 6.25, 12.75, 7.5 ], "texture": "#texture" },
				"west": { "uv": [ 9.5, 6.25, 10.5, 6.75 ], "texture": "#texture" },
				"east": { "uv": [ 10, 6.25, 11, 6.75 ], "texture": "#texture" }
			}
		},
		{
			"from": [ 4.75, 10, 12 ],
			"to": [ 5.25, 11.5, 12.5 ],
			"faces": {
				"down": { "uv": [ 8.5, 6, 12.75, 6.5 ], "texture": "#texture" },
				"up": { "uv": [ 9, 6.75, 12.5, 7.25 ], "texture": "#texture" },
				"north": { "uv": [ 8.25, 6.25, 12.75, 7.5 ], "texture": "#texture" },
				"south": { "uv": [ 8.25, 6.25, 12.75, 7.5 ], "texture": "#texture" },
				"west": { "uv": [ 9.5, 6.25, 10.5, 6.75 ], "texture": "#texture" },
				"east": { "uv": [ 10, 6.25, 11, 6.75 ], "texture": "#texture" }
			}
		},
		{
			"from": [ 7.75, 10, 12 ],
			"to": [ 8.25, 11.5, 12.4375 ],
			"faces": {
				"down": { "uv": [ 8.5, 6, 12.75, 6.5 ], "texture": "#texture" },
				"up": { "uv": [ 9, 6.75, 12.5, 7.25 ], "texture": "#texture" },
				"north": { "uv": [ 8.25, 6.25, 12.75, 7.5 ], "texture": "#texture" },
				"south": { "uv": [ 8.25, 6.25, 12.75, 7.5 ], "texture": "#texture" },
				"west": { "uv": [ 9.5, 6.25, 10.5, 6.75 ], "texture": "#texture" },
				"east": { "uv": [ 10, 6.25, 11, 6.75 ], "texture": "#texture" }
			}
		},
		{
			"from": [ 5.25, 10.5, 11.75 ],
			"to": [ 8.5, 11.25, 12.75 ],
			"faces": {
				"down": { "uv": [ 8.5, 6, 12.75, 6.5 ], "texture": "#texture" },
				"up": { "uv": [ 9, 6.75, 12.5, 7.25 ], "texture": "#texture" },
				"north": { "uv": [ 8.25, 6.25, 12.75, 7.5 ], "texture": "#texture" },
				"south": { "uv": [ 8.25, 6.25, 12.75, 7.5 ], "texture": "#texture" },
				"west": { "uv": [ 9.5, 6.25, 10.5, 6.75 ], "texture": "#texture" },
				"east": { "uv": [ 10, 6.25, 11, 6.75 ], "texture": "#texture" }
			}
		},
		{
			"from": [ 8.125, 10.5625, 11.75 ],
			"to": [ 9.4375, 11.125, 12.75 ],
			"rotation": { "origin": [ 8.125, 11.125, 11.75 ], "axis": "z", "angle": 22.5 },
			"faces": {
				"down": { "uv": [ 8.5, 6, 12.75, 6.5 ], "texture": "#texture" },
				"up": { "uv": [ 9, 6.75, 12.5, 7.25 ], "texture": "#texture" },
				"north": { "uv": [ 8.25, 6.25, 12.75, 7.5 ], "texture": "#texture" },
				"south": { "uv": [ 8.25, 6.25, 12.75, 7.5 ], "texture": "#texture" },
				"west": { "uv": [ 9.5, 6.25, 10.5, 6.75 ], "texture": "#texture" },
				"east": { "uv": [ 10, 6.25, 11, 6.75 ], "texture": "#texture" }
			}
		},
		{
			"from": [ 8.4375, 10.5625, 11.75 ],
			"to": [ 9.4375, 11.0625, 12.75 ],
			"rotation": { "origin": [ 8.4375, 11.0625, 11.75 ], "axis": "z", "angle": -22.5 },
			"faces": {
				"down": { "uv": [ 8.5, 6, 12.75, 6.5 ], "texture": "#texture" },
				"up": { "uv": [ 9, 6.75, 12.5, 7.25 ], "texture": "#texture" },
				"north": { "uv": [ 8.25, 6.25, 12.75, 7.5 ], "texture": "#texture" },
				"south": { "uv": [ 8.25, 6.25, 12.75, 7.5 ], "texture": "#texture" },
				"west": { "uv": [ 9.5, 6.25, 10.5, 6.75 ], "texture": "#texture" },
				"east": { "uv": [ 10, 6.25, 11, 6.75 ], "texture": "#texture" }
			}
		},
		{
			"from": [ 9.0625, 10.25, 11.75 ],
			"to": [ 10.4375, 11.625, 12.75 ],
			"faces": {
				"down": { "uv": [ 8.5, 6, 12.75, 6.5 ], "texture": "#texture" },
				"up": { "uv": [ 9, 6.75, 12.5, 7.25 ], "texture": "#texture" },
				"north": { "uv": [ 8.25, 6.25, 12.75, 7.5 ], "texture": "#texture" },
				"south": { "uv": [ 8.25, 6.25, 12.75, 7.5 ], "texture": "#texture" },
				"west": { "uv": [ 9.5, 6.25, 10.5, 6.75 ], "texture": "#texture" },
				"east": { "uv": [ 2.5, 9.5, 4.5, 11.5 ], "texture": "#texture" }
			}
		},
		{
			"from": [ 8.5625, 10.5625, 11.5625 ],
			"to": [ 10.4375, 11.25, 12.9375 ],
			"faces": {
				"down": { "uv": [ 8.5, 6, 12.75, 6.5 ], "texture": "#texture" },
				"up": { "uv": [ 9, 6.75, 12.5, 7.25 ], "texture": "#texture" },
				"north": { "uv": [ 8.25, 6.25, 12.75, 7.5 ], "texture": "#texture" },
				"south": { "uv": [ 8.25, 6, 12.75, 7.25 ], "texture": "#texture" },
				"west": { "uv": [ 9.5, 6.25, 10.5, 6.75 ], "texture": "#texture" },
				"east": { "uv": [ 2.5, 10.5, 4.5, 11.5 ], "texture": "#texture" }
			}
		},
		{
			"from": [ 3.5, 10.5, 11.75 ],
			"to": [ 5.25, 11.25, 12.75 ],
			"faces": {
				"down": { "uv": [ 8.5, 6, 12.75, 6.5 ], "texture": "#texture" },
				"up": { "uv": [ 9, 6.75, 12.5, 7.25 ], "texture": "#texture" },
				"north": { "uv": [ 8.25, 6.25, 12.75, 7.5 ], "texture": "#texture" },
				"south": { "uv": [ 8.25, 6.25, 12.75, 7.5 ], "texture": "#texture" },
				"west": { "uv": [ 9.5, 6.25, 10.5, 6.75 ], "texture": "#texture" },
				"east": { "uv": [ 10, 6.25, 11, 6.75 ], "texture": "#texture" }
			}
		},
		{
			"from": [ 3, 10.4375, 11.75 ],
			"to": [ 4.25, 11.375, 12.75 ],
			"faces": {
				"down": { "uv": [ 8.5, 6, 12.75, 6.5 ], "texture": "#texture" },
				"up": { "uv": [ 9, 6.75, 12.5, 7.25 ], "texture": "#texture" },
				"north": { "uv": [ 8.25, 6.25, 12.75, 7.5 ], "texture": "#texture" },
				"south": { "uv": [ 8.25, 6.25, 12.75, 7.5 ], "texture": "#texture" },
				"west": { "uv": [ 2.5, 9.5, 4.5, 11.5 ], "texture": "#texture" },
				"east": { "uv": [ 8.75, 6, 10.75, 7.5 ], "texture": "#texture" }
			}
		},
		{
			"from": [ 4.25, 10.75, 11.5625 ],
			"to": [ 9, 11, 12.9375 ],
			"faces": {
				"down": { "uv": [ 8.5, 6, 12.75, 6.5 ], "texture": "#texture" },
				"up": { "uv": [ 9, 6.75, 12.5, 7.25 ], "texture": "#texture" },
				"north": { "uv": [ 8.25, 6.25, 12.75, 7.5 ], "texture": "#texture" },
				"south": { "uv": [ 8.25, 6.25, 12.75, 7.5 ], "texture": "#texture" },
				"west": { "uv": [ 9.5, 6.25, 10.5, 6.75 ], "texture": "#texture" },
				"east": { "uv": [ 10, 6.25, 11, 6.75 ], "texture": "#texture" }
			}
		}
	],
	"display": {
		"thirdperson_righthand": {
			"rotation":  [ -24, 86, 23 ],
			"translation":  [ -6.99, 0.19, -3.02 ],
			"scale":  [ 1.29, 1.4, 1.4 ]
		},
		"thirdperson_lefthand": {
			"rotation":  [ -24, -95, -18 ],
			"translation":  [ 5.29, -1.51, -3.02 ],
			"scale":  [ 1.29, 1.4, 1.4 ]
		},
		"firstperson_righthand": {
			"rotation":  [ 0, 84, 1 ],
			"translation":  [ -8.88, 2.65, 2.46 ],
			"scale":  [ 0.82, 1.23, 1.23 ]
		},
		"firstperson_lefthand": {
			"rotation":  [ 0, -86, 1 ],
			"translation":  [ 1.5552, 2.65, 2.46 ],
			"scale":  [ 0.82, 1.23, 1.23 ]
		},
		"gui": {
			"rotation":  [ -12, -37, 28 ],
			"translation":  [ 2.7756, 0.1256, 0 ],
			"scale":  [ 0.94, 0.82, 0.88 ]
		},
		"head": {
			"rotation":  [ -7, -6, 40 ],
			"translation":  [ 4.91, -13.23, -3.97 ],
			"scale":  [ 2, 2, 2 ]
		},
		"ground": {
			"rotation":  [ 0, 0, 34 ],
			"translation":  [ 0.57, -1.13, -4.91 ]
		},
		"fixed": {
			"rotation":  [ 1, -180, 41 ],
			"translation":  [ -0.5, 0.2, 4.1 ]
		}
	}
}