{
	"__comment": "Remington Model made by Hunajameloni",
	"textures": {
		"texture": "item/wfoas/guns/pump-action_shotgun"
	},
	"elements": [
		{
			"from": [ 3.25, 10.5, 4 ],
			"to": [ 16.5, 11, 4.5 ],
			"faces": {
				"down": { "uv": [ 1.5, 2, 11.5, 3.5 ], "texture": "#texture" },
				"up": { "uv": [ 1.5, 2, 11.5, 3.5 ], "texture": "#texture" },
				"north": { "uv": [ 1.5, 2, 11.5, 3.5 ], "texture": "#texture" },
				"south": { "uv": [ 1.5, 2, 11.5, 3.5 ], "texture": "#texture" },
				"west": { "uv": [ 4.25, 2.5, 4.75, 3 ], "texture": "#texture" },
				"east": { "uv": [ 4.25, 2.5, 4.75, 3 ], "texture": "#texture" }
			}
		},
		{
			"from": [ 5.5, 9.75, 4 ],
			"to": [ 15.75, 10.25, 4.5 ],
			"faces": {
				"down": { "uv": [ 1.5, 2, 11.5, 3.5 ], "texture": "#texture" },
				"up": { "uv": [ 1.5, 2, 11.5, 3.5 ], "texture": "#texture" },
				"north": { "uv": [ 1.5, 2, 11.5, 3.5 ], "texture": "#texture" },
				"south": { "uv": [ 1.5, 2, 11.5, 3.5 ], "texture": "#texture" },
				"west": { "uv": [ 4.5, 2.5, 5, 3 ], "texture": "#texture" },
				"east": { "uv": [ 4.5, 2.5, 5, 3 ], "texture": "#texture" }
			}
		},
		{
			"from": [ 14.75, 10, 4 ],
			"to": [ 15.25, 10.5, 4.5 ],
			"faces": {
				"down": { "uv": [ 1.25, 4.5, 0.75, 4 ], "texture": "#texture" },
				"up": { "uv": [ 14.75, 4, 15.25, 4.5 ], "texture": "#texture" },
				"north": { "uv": [ 0.75, 5.5, 1.25, 6 ], "texture": "#texture" },
				"south": { "uv": [ 14.75, 5.5, 15.25, 6 ], "texture": "#texture" },
				"west": { "uv": [ 4, 5.5, 4.5, 6 ], "texture": "#texture" },
				"east": { "uv": [ 11.5, 5.5, 12, 6 ], "texture": "#texture" }
			}
		},
		{
			"from": [ 8.25, 10, 3.875 ],
			"to": [ 12.25, 10.5, 4.625 ],
			"faces": {
				"down": { "uv": [ 7, 6.75, 3, 6 ], "texture": "#texture" },
				"up": { "uv": [ 5.75, 6, 9.75, 6.75 ], "texture": "#texture" },
				"north": { "uv": [ 3, 6, 10.5, 7 ], "texture": "#texture" },
				"south": { "uv": [ 3, 6, 10.5, 7 ], "texture": "#texture" },
				"west": { "uv": [ 3.75, 6.25, 4.5, 6.75 ], "texture": "#texture" },
				"east": { "uv": [ 3.75, 6.25, 4.5, 6.75 ], "texture": "#texture" }
			}
		},
		{
			"from": [ 8.25, 9.25, 3.75 ],
			"to": [ 12.25, 10.25, 4.75 ],
			"faces": {
				"down": { "uv": [ 3, 7, 10.5, 10 ], "texture": "#texture" },
				"up": { "uv": [ 3, 7, 10.5, 10 ], "texture": "#texture" },
				"north": { "uv": [ 3, 7, 10.5, 10 ], "texture": "#texture" },
				"south": { "uv": [ 3, 7, 10.5, 10 ], "texture": "#texture" },
				"west": { "uv": [ 3, 7, 3.5, 10 ], "texture": "#texture" },
				"east": { "uv": [ 3, 7, 3.5, 10 ], "texture": "#texture" }
			}
		},
		{
			"from": [ 3.5, 10.25, 4.125 ],
			"to": [ 9, 10.5, 4.375 ],
			"faces": {
				"down": { "uv": [ 12.5, 2, 16, 3.5 ], "texture": "#texture" },
				"up": { "uv": [ 12.5, 2, 16, 3.5 ], "texture": "#texture" },
				"north": { "uv": [ 12.5, 2, 16, 3.5 ], "texture": "#texture" },
				"south": { "uv": [ 12.5, 2, 16, 3.5 ], "texture": "#texture" },
				"west": { "uv": [ 12.75, 2.25, 13.25, 2.75 ], "texture": "#texture" },
				"east": { "uv": [ 12.75, 2.25, 13.25, 2.75 ], "texture": "#texture" }
			}
		},
		{
			"from": [ 1.75, 9.5, 3.75 ],
			"to": [ 5.5, 11.25, 4.75 ],
			"faces": {
				"down": { "uv": [ 4.5, 14, 10.5, 14.5 ], "texture": "#texture" },
				"up": { "uv": [ 4.5, 11.5, 10.5, 12 ], "texture": "#texture" },
				"north": { "uv": [ 4.5, 11.5, 10.5, 14.5 ], "texture": "#texture" },
				"south": { "uv": [ 4.5, 11.5, 10.5, 14.5 ], "texture": "#texture" },
				"west": { "uv": [ 4.5, 11.5, 5.5, 14.5 ], "texture": "#texture" },
				"east": { "uv": [ 4.5, 11.5, 5.5, 14.5 ], "texture": "#texture" }
			}
		},
		{
			"from": [ -0.6875, 8.4375, 3.75 ],
			"to": [ 1.1875, 10.1875, 4.75 ],
			"rotation": { "origin": [ -0.6875, 10.1875, 3.75 ], "axis": "z", "angle": 22.5 },
			"faces": {
				"down": { "uv": [ 12, 14.5, 16, 15 ], "texture": "#texture" },
				"up": { "uv": [ 12, 11, 16, 11.5 ], "texture": "#texture" },
				"north": { "uv": [ 12, 11, 16, 15 ], "texture": "#texture" },
				"south": { "uv": [ 12, 11, 16, 15 ], "texture": "#texture" },
				"west": { "uv": [ 12.5, 12, 13, 13.75 ], "texture": "#texture" },
				"east": { "uv": [ 12.5, 12, 13, 13.75 ], "texture": "#texture" }
			}
		},
		{
			"from": [ 0.9375, 9.125, 3.75 ],
			"to": [ 1.875, 10.875, 4.75 ],
			"rotation": { "origin": [ 0.9375, 10.875, 3.75 ], "axis": "z", "angle": 22.5 },
			"faces": {
				"down": { "uv": [ 9.25, 14.5, 5.5, 14 ], "texture": "#texture" },
				"up": { "uv": [ 9.25, 12, 5.5, 11.5 ], "texture": "#texture" },
				"north": { "uv": [ 4.5, 11.5, 10.5, 14.5 ], "texture": "#texture" },
				"south": { "uv": [ 4.5, 11.5, 10.5, 14.5 ], "texture": "#texture" },
				"west": { "uv": [ 10, 11.5, 10.5, 14.5 ], "texture": "#texture" },
				"east": { "uv": [ 10, 11.5, 10.5, 14.5 ], "texture": "#texture" }
			}
		},
		{
			"from": [ -1.3125, 7.5625, 3.75 ],
			"to": [ -0.3125, 8.5625, 4.75 ],
			"rotation": { "origin": [ -1.3125, 8.5625, 3.75 ], "axis": "z", "angle": -45 },
			"faces": {
				"down": { "uv": [ 15.75, 15, 12, 14.5 ], "texture": "#texture" },
				"up": { "uv": [ 12.25, 11, 16, 11.5 ], "texture": "#texture" },
				"north": { "uv": [ 12, 12, 16, 15 ], "texture": "#texture" },
				"south": { "uv": [ 12, 12, 16, 15 ], "texture": "#texture" },
				"west": { "uv": [ 12, 12, 12.5, 15 ], "texture": "#texture" },
				"east": { "uv": [ 12, 12, 12.5, 15 ], "texture": "#texture" }
			}
		},
		{
			"from": [ -0.5, 7.5, 3.75 ],
			"to": [ 0.375, 9.125, 4.75 ],
			"rotation": { "origin": [ -0.5, 9.125, 3.75 ], "axis": "z", "angle": -45 },
			"faces": {
				"down": { "uv": [ 16, 15, 12.25, 14.5 ], "texture": "#texture" },
				"up": { "uv": [ 12, 11, 15.75, 11.5 ], "texture": "#texture" },
				"north": { "uv": [ 16, 15, 12, 12 ], "texture": "#texture" },
				"south": { "uv": [ 16, 14.75, 12, 12 ], "texture": "#texture" },
				"west": { "uv": [ 13, 12.25, 13.5, 14 ], "texture": "#texture" },
				"east": { "uv": [ 13, 12.25, 13.5, 14 ], "texture": "#texture" }
			}
		},
		{
			"from": [ -5.75, 6.25, 3.75 ],
			"to": [ -5, 9.25, 4.75 ],
			"faces": {
				"down": { "uv": [ 16, 15, 12.25, 14.5 ], "texture": "#texture" },
				"up": { "uv": [ 12.25, 10.75, 16, 11.25 ], "texture": "#texture" },
				"north": { "uv": [ 12, 12, 16, 15 ], "texture": "#texture" },
				"south": { "uv": [ 12, 12, 16, 15 ], "texture": "#texture" },
				"west": { "uv": [ 12.75, 11, 16, 11.5 ], "texture": "#texture" },
				"east": { "uv": [ 12, 12, 16, 15 ], "texture": "#texture" }
			}
		},
		{
			"from": [ -5.75, 6.1875, 3.75 ],
			"to": [ -1.6875, 7.1875, 4.75 ],
			"rotation": { "origin": [ -5.75, 7.1875, 3.75 ], "axis": "z", "angle": 22.5 },
			"faces": {
				"down": { "uv": [ 16, 15, 12.25, 14.5 ], "texture": "#texture" },
				"up": { "uv": [ 12.25, 11, 16, 11.5 ], "texture": "#texture" },
				"north": { "uv": [ 12, 12, 16, 15 ], "texture": "#texture" },
				"south": { "uv": [ 12, 12, 16, 15 ], "texture": "#texture" },
				"west": { "uv": [ 12, 12, 16, 15 ], "texture": "#texture" },
				"east": { "uv": [ 12, 12, 16, 15 ], "texture": "#texture" }
			}
		},
		{
			"from": [ -5.75, 8.0625, 3.75 ],
			"to": [ 0, 9.5625, 4.75 ],
			"faces": {
				"down": { "uv": [ 12.25, 14.5, 16, 15 ], "texture": "#texture" },
				"up": { "uv": [ 12.25, 11, 16, 11.5 ], "texture": "#texture" },
				"north": { "uv": [ 12, 12, 16, 15 ], "texture": "#texture" },
				"south": { "uv": [ 12, 12, 16, 15 ], "texture": "#texture" },
				"west": { "uv": [ 13, 11, 16, 11.5 ], "texture": "#texture" },
				"east": { "uv": [ 13.25, 12.25, 13.75, 14 ], "texture": "#texture" }
			}
		},
		{
			"from": [ -1.3125, 8.5625, 3.75 ],
			"to": [ -0.375, 9.5625, 4.75 ],
			"rotation": { "origin": [ -1.3125, 9.5625, 3.75 ], "axis": "z", "angle": 45 },
			"faces": {
				"down": { "uv": [ 16, 15, 12.25, 14.5 ], "texture": "#texture" },
				"up": { "uv": [ 12.25, 11, 16, 11.5 ], "texture": "#texture" },
				"north": { "uv": [ 12, 11, 16, 15 ], "texture": "#texture" },
				"south": { "uv": [ 12, 11, 16, 15 ], "texture": "#texture" },
				"west": { "uv": [ 12, 11, 16, 15 ], "texture": "#texture" },
				"east": { "uv": [ 12, 11, 16, 15 ], "texture": "#texture" }
			}
		},
		{
			"from": [ -2.625, 9.125, 3.75 ],
			"to": [ -1.6875, 10.125, 4.75 ],
			"rotation": { "origin": [ -2.625, 10.125, 3.75 ], "axis": "z", "angle": -45 },
			"faces": {
				"down": { "uv": [ 16, 11.5, 12.25, 11 ], "texture": "#texture" },
				"up": { "uv": [ 12.25, 11, 16, 11.5 ], "texture": "#texture" },
				"north": { "uv": [ 12, 12, 16, 15 ], "texture": "#texture" },
				"south": { "uv": [ 12, 12, 16, 15 ], "texture": "#texture" },
				"west": { "uv": [ 13.25, 11, 14.75, 11.5 ], "texture": "#texture" },
				"east": { "uv": [ 13.25, 11, 14.75, 11.5 ], "texture": "#texture" }
			}
		},
		{
			"from": [ -5.75, 9.5, 3.75 ],
			"to": [ -2.5625, 10.0625, 4.75 ],
			"faces": {
				"down": { "uv": [ 16, 15, 12.25, 14.5 ], "texture": "#texture" },
				"up": { "uv": [ 12, 11, 15.75, 11.5 ], "texture": "#texture" },
				"north": { "uv": [ 12, 11, 16, 15 ], "texture": "#texture" },
				"south": { "uv": [ 12, 11, 16, 15 ], "texture": "#texture" },
				"west": { "uv": [ 12, 11, 16, 11.5 ], "texture": "#texture" },
				"east": { "uv": [ 12, 12, 16, 15 ], "texture": "#texture" }
			}
		},
		{
			"from": [ -5.125, 7.4375, 3.75 ],
			"to": [ -3.6875, 8.25, 4.75 ],
			"faces": {
				"down": { "uv": [ 16, 14.75, 12.25, 14.25 ], "texture": "#texture" },
				"up": { "uv": [ 12.25, 11, 16, 11.5 ], "texture": "#texture" },
				"north": { "uv": [ 12, 12, 16, 15 ], "texture": "#texture" },
				"south": { "uv": [ 12, 12, 16, 15 ], "texture": "#texture" },
				"west": { "uv": [ 12.25, 12, 16, 15 ], "texture": "#texture" },
				"east": { "uv": [ 12.25, 12, 16, 15 ], "texture": "#texture" }
			}
		},
		{
			"from": [ 1.75, 11.25, 4 ],
			"to": [ 5.5, 11.375, 4.5 ],
			"faces": {
				"down": { "uv": [ 4.5, 11.5, 10.5, 12 ], "texture": "#texture" },
				"up": { "uv": [ 4.5, 11.5, 10.5, 12 ], "texture": "#texture" },
				"north": { "uv": [ 4.25, 11.5, 10.5, 12 ], "texture": "#texture" },
				"south": { "uv": [ 4.25, 11.5, 10.5, 12 ], "texture": "#texture" },
				"west": { "uv": [ 7.25, 11.5, 7.75, 12 ], "texture": "#texture" },
				"east": { "uv": [ 7.25, 11.5, 7.75, 12 ], "texture": "#texture" }
			}
		},
		{
			"from": [ -0.5625, 10.1875, 4 ],
			"to": [ 2, 10.375, 4.5 ],
			"rotation": { "origin": [ -0.5625, 10.375, 4 ], "axis": "z", "angle": 22.5 },
			"faces": {
				"down": { "uv": [ 12, 11, 16, 11.5 ], "texture": "#texture" },
				"up": { "uv": [ 12, 11, 16, 11.5 ], "texture": "#texture" },
				"north": { "uv": [ 12, 11, 15.75, 11.5 ], "texture": "#texture" },
				"south": { "uv": [ 12, 11, 15.75, 11.5 ], "texture": "#texture" },
				"west": { "uv": [ 13, 11, 13.5, 11.5 ], "texture": "#texture" },
				"east": { "uv": [ 13, 11, 13.5, 11.5 ], "texture": "#texture" }
			}
		}
	],
	"display": {
		"thirdperson_righthand": {
			"rotation":  [ -34, 86, 31 ],
			"translation":  [ 5.29, -3.4, -5.48 ],
			"scale":  [ 1.17, 1.51, 1.57 ]
		},
		"thirdperson_lefthand": {
			"rotation":  [ 28, -78, 31 ],
			"translation":  [ -8.623, -3.399, -2.697 ],
			"scale":  [ 1.17, 1.51, 1.57 ]
		},
		"firstperson_righthand": {
			"rotation":  [ 0, 87, -4 ],
			"translation":  [ -1.7, 2.27, 2.27 ],
			"scale":  [ 1.0347, 0.9651, 1.0347 ]
		},
		"firstperson_lefthand": {
			"rotation":  [ 0, -103, 3 ],
			"translation":  [ -7.56, 2.27, 1.13 ]
		},
		"gui": {
			"rotation":  [ -20, -29, 22 ],
			"translation":  [ 0.4516, 1.13, 0 ],
			"scale":  [ 0.7913, 1.1273, 0.8755 ]
		},
		"head": {
			"rotation":  [ 0, -1, 45 ],
			"translation":  [ 6.43, -14.36, 11.15 ],
			"scale":  [ 2, 2, 2 ]
		},
		"ground": {
			"rotation":  [ 18, -37, 18 ],
			"translation":  [ 0.76, -0.57, 4.91 ]
		},
		"fixed": {
			"rotation":  [ 0, -180, 40 ],
			"translation":  [ -2.65, -0.19, -4.72 ],
			"scale":  [ 1.23, 1.2, 1.13 ]
		}
	}
}
