{
	"credit": "Made with Blockbench",
	"textures": {
		"0": "block/extra/modeltexture/woodx64_1",
		"4": "block/extra/modeltexture/iron_3",
		"6": "block/extra/modeltexture/gun_details_1",
		"7": "block/extra/modeltexture/iron_4",
		"8": "block/extra/modeltexture/magazine_4",
		"9": "block/extra/modeltexture/magazine_4.1",
		"10": "block/extra/modeltexture/magazine_2",
		"particle": "block/extra/modeltexture/iron_4"
	},
	"elements": [
		{
			"name": "barrel",
			"from": [7.60017, 7.7, 26.99983],
			"to": [8.40017, 8.5, 29.59983],
			"rotation": {"angle": 0, "axis": "y", "origin": [8, 8, 7]},
			"faces": {
				"east": {"uv": [6, 7, 8.6, 7.8], "texture": "#4"},
				"south": {"uv": [5.75, 3, 7.998, 5.248], "texture": "#6"},
				"west": {"uv": [8.6, 7, 6, 7.8], "texture": "#4"},
				"up": {"uv": [6, 7, 8.6, 7.8], "rotation": 90, "texture": "#4"},
				"down": {"uv": [6, 7, 8.6, 7.8], "rotation": 90, "texture": "#4"}
			}
		},
		{
			"name": "barrel",
			"from": [7.50044, 7.5, 19.74956],
			"to": [8.50044, 8.7, 27.04956],
			"rotation": {"angle": 0, "axis": "y", "origin": [8, 8, 7]},
			"faces": {
				"east": {"uv": [2.75, 6.25, 10.05, 7.45], "texture": "#4"},
				"south": {"uv": [9, 6.75, 10, 7.95], "texture": "#4"},
				"west": {"uv": [10.05, 6.25, 2.75, 7.45], "texture": "#4"},
				"up": {"uv": [10.05, 6.25, 2.75, 7.25], "rotation": 270, "texture": "#4"},
				"down": {"uv": [10.05, 6.25, 2.75, 7.25], "rotation": 270, "texture": "#4"}
			}
		},
		{
			"name": "barrel",
			"from": [7.125, 7.23759, 11.90002],
			"to": [8.875, 8.93759, 19.95002],
			"rotation": {"angle": 0, "axis": "y", "origin": [7.86263, 8, 7]},
			"faces": {
				"north": {"uv": [0, 6.5, 1.75, 8.2], "texture": "#4"},
				"east": {"uv": [1.5, 7, 9.55, 8.7], "texture": "#4"},
				"south": {"uv": [0, 6.5, 1.75, 8.2], "texture": "#4"},
				"west": {"uv": [9.55, 7, 1.5, 8.7], "texture": "#4"},
				"up": {"uv": [0, 6.75, 8.05, 8.5], "rotation": 90, "texture": "#4"},
				"down": {"uv": [0, 13, 8.05, 14.75], "rotation": 90, "texture": "#4"}
			}
		},
		{
			"name": "bipod",
			"from": [5.06522, 3.225, 20.35001],
			"to": [5.36522, 13.125, 20.75001],
			"rotation": {"angle": -22.5, "axis": "z", "origin": [-8.13681, 3.39283, 25.05]},
			"faces": {
				"north": {"uv": [0, 1, 10, 1.25], "rotation": 90, "texture": "#7"},
				"east": {"uv": [0, 1, 10, 1.25], "rotation": 90, "texture": "#7"},
				"south": {"uv": [0, 1, 10, 1.25], "rotation": 90, "texture": "#7"},
				"west": {"uv": [0, 1, 10, 1.25], "rotation": 90, "texture": "#7"},
				"up": {"uv": [0, 1, 0.4, 1.3], "rotation": 90, "texture": "#7"},
				"down": {"uv": [1.25, 8.25, 1.75, 8.55], "rotation": 90, "texture": "#7"}
			}
		},
		{
			"name": "bipod",
			"from": [10.63478, 3.225, 20.35001],
			"to": [10.93478, 13.125, 20.75001],
			"rotation": {"angle": 22.5, "axis": "z", "origin": [24.13681, 3.39283, 25.05]},
			"faces": {
				"north": {"uv": [0, 1.25, 10, 1], "rotation": 90, "texture": "#7"},
				"east": {"uv": [0, 1.25, 10, 1], "rotation": 90, "texture": "#7"},
				"south": {"uv": [0, 1.25, 10, 1], "rotation": 90, "texture": "#7"},
				"west": {"uv": [0, 1.25, 10, 1], "rotation": 90, "texture": "#7"},
				"up": {"uv": [0, 1.3, 0.4, 1], "rotation": 90, "texture": "#7"},
				"down": {"uv": [1.25, 8.55, 1.75, 8.25], "rotation": 90, "texture": "#7"}
			}
		},
		{
			"name": "bipod",
			"from": [5.15084, -1.43816, 20.1278],
			"to": [6.05084, -1.13816, 20.9778],
			"rotation": {"angle": -22.5, "axis": "z", "origin": [5.64551, 1.66338, 25.0431]},
			"faces": {
				"north": {"uv": [15, 15.75, 15.9, 16], "texture": "#7"},
				"east": {"uv": [15, 15.75, 15.9, 16], "texture": "#7"},
				"south": {"uv": [15, 15.75, 15.9, 16], "texture": "#7"},
				"west": {"uv": [15, 15.75, 15.9, 16], "texture": "#7"},
				"up": {"uv": [15, 6.25, 15.85, 7.15], "rotation": 270, "texture": "#7"},
				"down": {"uv": [15, 6.25, 15.85, 7.15], "rotation": 270, "texture": "#7"}
			}
		},
		{
			"name": "bipod",
			"from": [9.94916, -1.43816, 20.1278],
			"to": [10.84916, -1.13816, 20.9778],
			"rotation": {"angle": 22.5, "axis": "z", "origin": [10.35449, 1.66338, 25.0431]},
			"faces": {
				"north": {"uv": [15.9, 15.75, 15, 16], "texture": "#7"},
				"east": {"uv": [15.9, 15.75, 15, 16], "texture": "#7"},
				"south": {"uv": [15.9, 15.75, 15, 16], "texture": "#7"},
				"west": {"uv": [15.9, 15.75, 15, 16], "texture": "#7"},
				"up": {"uv": [15, 7.15, 15.85, 6.25], "rotation": 270, "texture": "#7"},
				"down": {"uv": [15, 7.15, 15.85, 6.25], "rotation": 270, "texture": "#7"}
			}
		},
		{
			"name": "body",
			"from": [7.00026, 7.13733, 1.7502],
			"to": [9.00026, 9.08733, 2.8002],
			"rotation": {"angle": 0, "axis": "y", "origin": [7.98781, 8, 7]},
			"faces": {
				"north": {"uv": [0, 7.25, 2.25, 9.45], "texture": "#4"},
				"east": {"uv": [0, 10.25, 2.2, 11.25], "rotation": 90, "texture": "#4"},
				"south": {"uv": [0, 7.25, 2.25, 9.45], "texture": "#4"},
				"west": {"uv": [0, 10.25, 2.2, 11.25], "rotation": 90, "texture": "#4"},
				"up": {"uv": [0, 10.25, 2.2, 11.25], "texture": "#4"},
				"down": {"uv": [0, 10.25, 2.2, 11.25], "texture": "#4"}
			}
		},
		{
			"name": "body",
			"from": [7.125, 7.23759, 0.90002],
			"to": [8.875, 8.93759, 11.95002],
			"rotation": {"angle": 0, "axis": "y", "origin": [7.86263, 8, 7]},
			"faces": {
				"north": {"uv": [0, 6.5, 1.75, 8.2], "texture": "#4"},
				"east": {"uv": [8.55, 7, 0.5, 8.7], "texture": "#4"},
				"south": {"uv": [0, 6.5, 1.75, 8.2], "texture": "#4"},
				"west": {"uv": [0.5, 7, 8.55, 8.7], "texture": "#4"},
				"up": {"uv": [11.55, 7, 0.5, 8.75], "rotation": 90, "texture": "#4"},
				"down": {"uv": [0, 13, 11.05, 14.75], "rotation": 90, "texture": "#4"}
			}
		},
		{
			"name": "body",
			"from": [7.32455, 6.5, 11.75087],
			"to": [8.67455, 7.3, 20.45087],
			"rotation": {"angle": 0, "axis": "y", "origin": [8.12542, 8.25, 15.7]},
			"faces": {
				"east": {"uv": [10.95, 7, 2.25, 7.8], "texture": "#4"},
				"south": {"uv": [5, 7.5, 6.85, 8.6], "texture": "#4"},
				"west": {"uv": [2.25, 7, 10.95, 7.8], "texture": "#4"},
				"up": {"uv": [2.25, 7, 10.95, 8.35], "rotation": 90, "texture": "#4"},
				"down": {"uv": [2.25, 7, 10.95, 8.35], "rotation": 90, "texture": "#4"}
			}
		},
		{
			"name": "body",
			"from": [7.075, 6.35524, 1.74476],
			"to": [8.925, 7.45524, 11.89476],
			"rotation": {"angle": 0, "axis": "y", "origin": [11.07399, 8, 8]},
			"faces": {
				"north": {"uv": [0, 6.25, 1.8, 7.35], "texture": "#4"},
				"east": {"uv": [10, 11, 0, 12], "texture": "#4"},
				"south": {"uv": [5, 7.5, 6.85, 8.6], "texture": "#4"},
				"west": {"uv": [0, 11, 10, 12], "texture": "#4"},
				"up": {"uv": [0, 6.25, 10.15, 8.1], "rotation": 90, "texture": "#4"},
				"down": {"uv": [0, 6.2, 10.1, 8], "rotation": 90, "texture": "#4"}
			}
		},
		{
			"name": "body",
			"from": [7.56505, 7.65476, -0.68982],
			"to": [8.44505, 8.53476, 1.39018],
			"rotation": {"angle": 0, "axis": "y", "origin": [8, 8, 8.25]},
			"faces": {
				"north": {"uv": [0, 6.25, 0.88, 7.13], "rotation": 90, "texture": "#4"},
				"east": {"uv": [2.08, 6.25, 0, 7.13], "texture": "#4"},
				"south": {"uv": [15.688, 6.50133, 12, 9.168], "rotation": 90, "texture": "#10"},
				"west": {"uv": [0, 6.25, 2.08, 7.13], "texture": "#4"},
				"up": {"uv": [0, 6.25, 2.08, 7.13], "rotation": 90, "texture": "#4"},
				"down": {"uv": [0, 6.25, 2.08, 7.13], "rotation": 90, "texture": "#4"}
			}
		},
		{
			"name": "butt",
			"from": [7.25, 4.83858, 0.11624],
			"to": [8.75, 7.03858, 2.91624],
			"rotation": {"angle": 0, "axis": "y", "origin": [14.75119, 7.73858, 8.01537]},
			"faces": {
				"north": {"uv": [0, 0, 2.2, 1.5], "rotation": 90, "texture": "#0"},
				"east": {"uv": [0, 2.5, 2.8, 4.7], "texture": "#0"},
				"west": {"uv": [0, 2.5, 2.8, 4.7], "texture": "#0"},
				"up": {"uv": [0, 0, 2.8, 1.5], "rotation": 90, "texture": "#0"}
			}
		},
		{
			"name": "butt",
			"from": [7.249, 6.37544, -3.39374],
			"to": [8.751, 7.92544, 6.33126],
			"rotation": {"angle": -22.5, "axis": "x", "origin": [7.74987, 7.38771, 6.52179]},
			"faces": {
				"north": {"uv": [3.75, 6, 5.252, 7.55], "texture": "#0"},
				"east": {"uv": [12.225, 6, 2.5, 7.5], "texture": "#0"},
				"west": {"uv": [2.5, 6, 12.225, 7.5], "texture": "#0"},
				"up": {"uv": [0, 14.5, 9.725, 16], "rotation": 90, "texture": "#0"},
				"down": {"uv": [0, 14.5, 9.725, 16], "rotation": 90, "texture": "#0"}
			}
		},
		{
			"name": "butt",
			"from": [7.26, 4.08358, -2.83876],
			"to": [8.74, 7.03858, 0.11624],
			"rotation": {"angle": 0, "axis": "y", "origin": [7.75119, 7.94858, 8.02537]},
			"faces": {
				"north": {"uv": [0, 1, 1.48, 3.955], "texture": "#0"},
				"east": {"uv": [0, 2.5, 2.955, 5.455], "texture": "#0"},
				"south": {"uv": [0, 0, 3.33, 1.98], "rotation": 90, "texture": "#0"},
				"west": {"uv": [0, 2.5, 2.955, 5.455], "texture": "#0"},
				"up": {"uv": [0, 0, 2.955, 1.48], "rotation": 90, "texture": "#0"}
			}
		},
		{
			"name": "handgrip",
			"from": [7.25, 3.15724, 5.76596],
			"to": [8.75, 7.15724, 7.31596],
			"rotation": {"angle": 22.5, "axis": "x", "origin": [7.75265, 4.75652, 6.26583]},
			"faces": {
				"north": {"uv": [0, 2.5, 3.5, 3.8], "rotation": 270, "texture": "#4"},
				"east": {"uv": [0, 2.5, 3.5, 3.8], "rotation": 270, "texture": "#4"},
				"south": {"uv": [0, 2.5, 3.5, 3.8], "rotation": 270, "texture": "#4"},
				"west": {"uv": [0, 2.5, 3.5, 3.8], "rotation": 270, "texture": "#4"},
				"down": {"uv": [3.5, 6.75, 5.05, 8.25], "rotation": 270, "texture": "#4"}
			}
		},
		{
			"name": "handgrip",
			"from": [7.5, 3.51223, 10.49649],
			"to": [8.5, 6.51223, 11.49649],
			"rotation": {"angle": 0, "axis": "x", "origin": [7.50455, 2.7409, 4.35476]},
			"faces": {
				"north": {"uv": [0, 2.5, 3.5, 3.5], "rotation": 270, "texture": "#4"},
				"east": {"uv": [0, 2.5, 3.5, 3.5], "rotation": 270, "texture": "#4"},
				"south": {"uv": [0, 2.5, 3.5, 3.5], "rotation": 270, "texture": "#4"},
				"west": {"uv": [0, 2.5, 3.5, 3.5], "rotation": 270, "texture": "#4"},
				"down": {"uv": [0, 2.5, 1, 3.5], "rotation": 270, "texture": "#4"}
			}
		},
		{
			"name": "latch",
			"from": [5.33174, 7.26224, 9.99954],
			"to": [7.33174, 7.76224, 10.49954],
			"rotation": {"angle": 0, "axis": "y", "origin": [8, 8, 8.3]},
			"faces": {
				"north": {"uv": [0, 6.5, 2, 7], "texture": "#7"},
				"south": {"uv": [2, 6.5, 0, 7], "texture": "#7"},
				"west": {"uv": [0.5, 7.75, 0, 8.25], "texture": "#7"},
				"up": {"uv": [2, 6.5, 0, 7], "texture": "#7"},
				"down": {"uv": [2, 6.5, 0, 7], "texture": "#7"}
			}
		},
		{
			"name": "latch",
			"from": [6.82869, 7.2653, 9.74954],
			"to": [7.32869, 7.7653, 17.24954],
			"rotation": {"angle": 0, "axis": "y", "origin": [8, 8, 8.3]},
			"faces": {
				"north": {"uv": [0, 0, 1.33333, 1.33333], "texture": "#10"},
				"south": {"uv": [0, 0, 1.33333, 1.33333], "texture": "#10"},
				"west": {"uv": [0, 0, 1.33333, 16], "rotation": 90, "texture": "#10"},
				"up": {"uv": [0, 0, 1.33333, 16], "texture": "#10"},
				"down": {"uv": [0, 0, 1.33333, 16], "texture": "#10"}
			}
		},
		{
			"name": "latch",
			"from": [6.99175, 7.25192, 7.24982],
			"to": [7.49175, 7.75192, 9.74982],
			"rotation": {"angle": 0, "axis": "y", "origin": [8, 8, 8.3]},
			"faces": {
				"south": {"uv": [15.50133, 8.50133, 15, 9], "texture": "#10"},
				"west": {"uv": [15.50133, 8.50133, 15, 9], "texture": "#10"},
				"up": {"uv": [15.50133, 8.50133, 15, 9], "texture": "#10"},
				"down": {"uv": [15.50133, 8.50133, 15, 9], "texture": "#10"}
			}
		},
		{
			"name": "magazine",
			"from": [7.37675, 3.76005, 11.7504],
			"to": [7.37675, 6.76005, 15.5004],
			"rotation": {"angle": 0, "axis": "x", "origin": [9.63718, 8, 8]},
			"faces": {
				"west": {"uv": [0, 0, 10, 8], "texture": "#9"}
			}
		},
		{
			"name": "magazine",
			"from": [7.37545, 3.76138, 16.00038],
			"to": [7.37545, 6.76138, 19.75038],
			"rotation": {"angle": 0, "axis": "x", "origin": [9.64373, 7.99346, 7.74999]},
			"faces": {
				"west": {"uv": [10, 0, 0, 8], "texture": "#9"}
			}
		},
		{
			"name": "magazine",
			"from": [7.5, 4.94649, 17.70329],
			"to": [8.5, 6.52313, 19.49187],
			"rotation": {"angle": 22.5, "axis": "x", "origin": [-6.00144, 6.5, 19.5]},
			"faces": {
				"north": {"uv": [15.70571, 6.50133, 11.50133, 9.168], "rotation": 90, "texture": "#10"},
				"east": {"uv": [15.77067, 0, 10.50133, 4.20533], "texture": "#8"},
				"south": {"uv": [15.70571, 6.50133, 11.50133, 9.168], "rotation": 90, "texture": "#10"},
				"west": {"uv": [15.77067, 0, 10.50133, 4.20533], "texture": "#8"},
				"down": {"uv": [15.688, 6.50133, 12, 9.168], "rotation": 90, "texture": "#10"}
			}
		},
		{
			"name": "magazine",
			"from": [7.5, -1.00253, 10.87263],
			"to": [8.5, 0.57411, 12.66121],
			"rotation": {"angle": -22.5, "axis": "x", "origin": [-6.00057, 6.5, -3.5]},
			"faces": {
				"north": {"uv": [15.704, 6.50133, 11.50133, 9.168], "rotation": 90, "texture": "#10"},
				"east": {"uv": [15.77067, 0, 10.50133, 4.20533], "texture": "#8"},
				"south": {"uv": [15.704, 6.50133, 11.50133, 9.168], "rotation": 90, "texture": "#10"},
				"west": {"uv": [15.77067, 0, 10.50133, 4.20533], "texture": "#8"},
				"down": {"uv": [15.688, 6.50133, 12, 9.168], "rotation": 90, "texture": "#10"}
			}
		},
		{
			"name": "magazine",
			"from": [7.52474, 3.58249, 14.88448],
			"to": [8.47474, 5.43249, 16.6637],
			"rotation": {"angle": 0, "axis": "x", "origin": [-5.27557, 4.25693, 17.63961]},
			"faces": {
				"north": {"uv": [15.688, 6.50133, 12, 9.168], "rotation": 90, "texture": "#10"},
				"east": {"uv": [15.77067, 5.50133, 10.50133, 9.70667], "rotation": 270, "texture": "#8"},
				"south": {"uv": [15.688, 6.50133, 12, 9.168], "rotation": 90, "texture": "#10"},
				"west": {"uv": [15.77067, 5.50133, 10.50133, 9.70667], "rotation": 270, "texture": "#8"},
				"up": {"uv": [16, 5.50133, 13.50133, 10.24533], "texture": "#10"},
				"down": {"uv": [16, 5.50133, 13.50133, 10.24533], "texture": "#10"}
			}
		},
		{
			"name": "magazine",
			"from": [7.5125, 3.97183, 17.29009],
			"to": [8.4875, 5.32539, 19.14365],
			"rotation": {"angle": 45, "axis": "x", "origin": [-5.16394, 5.49317, 18.70994]},
			"faces": {
				"north": {"uv": [15.61067, 6.50133, 12, 9.10133], "rotation": 90, "texture": "#10"},
				"east": {"uv": [15.77067, 3.50133, 10.50133, 7.70667], "texture": "#8"},
				"south": {"uv": [15.61067, 6.50133, 12, 9.10133], "rotation": 90, "texture": "#10"},
				"west": {"uv": [15.77067, 3.50133, 10.50133, 7.70667], "texture": "#8"},
				"up": {"uv": [15.688, 6.50133, 12, 9.168], "rotation": 90, "texture": "#10"},
				"down": {"uv": [15.688, 6.50133, 12, 9.168], "rotation": 90, "texture": "#10"}
			}
		},
		{
			"name": "magazine",
			"from": [7.5125, -7.0214, 7.85082],
			"to": [8.4875, -5.66784, 9.70438],
			"rotation": {"angle": -45, "axis": "x", "origin": [-5.26307, 5.49317, -2.70994]},
			"faces": {
				"north": {"uv": [15.61067, 6.50133, 12, 9.10133], "rotation": 90, "texture": "#10"},
				"east": {"uv": [15.77067, 3.50133, 10.50133, 7.70667], "texture": "#8"},
				"south": {"uv": [15.61067, 6.50133, 12, 9.10133], "rotation": 90, "texture": "#10"},
				"west": {"uv": [15.77067, 3.50133, 10.50133, 7.70667], "texture": "#8"},
				"up": {"uv": [15.688, 6.50133, 12, 9.168], "rotation": 90, "texture": "#10"},
				"down": {"uv": [15.688, 6.50133, 12, 9.168], "rotation": 90, "texture": "#10"}
			}
		},
		{
			"name": "magazine",
			"from": [7.5, 4.38927, 16.09664],
			"to": [8.5, 6.31315, 17.47932],
			"rotation": {"angle": -22.5, "axis": "x", "origin": [-5.15144, 5.41021, 18.41021]},
			"faces": {
				"north": {"uv": [15.688, 6.50133, 12, 9.168], "rotation": 90, "texture": "#10"},
				"east": {"uv": [15.77067, 7, 10.50133, 11.20533], "rotation": 270, "texture": "#8"},
				"south": {"uv": [15.688, 6.50133, 12, 9.168], "rotation": 90, "texture": "#10"},
				"west": {"uv": [15.77067, 7, 10.50133, 11.20533], "rotation": 270, "texture": "#8"},
				"up": {"uv": [15.60949, 6.50133, 12, 9.10133], "rotation": 90, "texture": "#10"},
				"down": {"uv": [15.688, 6.50133, 12, 9.168], "rotation": 90, "texture": "#10"}
			}
		},
		{
			"name": "magazine",
			"from": [7.5, 10.33991, 12.88451],
			"to": [8.5, 12.26379, 14.26719],
			"rotation": {"angle": 22.5, "axis": "x", "origin": [-5.25057, 5.41021, -2.41021]},
			"faces": {
				"north": {"uv": [15.688, 6.50133, 12, 9.168], "rotation": 90, "texture": "#10"},
				"east": {"uv": [15.77067, 7, 10.50133, 11.20533], "rotation": 270, "texture": "#8"},
				"south": {"uv": [15.688, 6.50133, 12, 9.168], "rotation": 90, "texture": "#10"},
				"west": {"uv": [15.77067, 7, 10.50133, 11.20533], "rotation": 270, "texture": "#8"},
				"up": {"uv": [15.688, 6.50133, 12, 9.168], "rotation": 90, "texture": "#10"},
				"down": {"uv": [15.688, 6.50133, 12, 9.168], "rotation": 90, "texture": "#10"}
			}
		},
		{
			"name": "sight",
			"from": [7.60983, 8.8, 11.31338],
			"to": [8.38983, 9.48, 12.89338],
			"rotation": {"angle": 0, "axis": "y", "origin": [8.00662, 9.54546, 10.60095]},
			"faces": {
				"north": {"uv": [0.7, 6, 0, 6.6], "texture": "#7"},
				"east": {"uv": [0, 6, 2, 6.6], "texture": "#7"},
				"south": {"uv": [0.7, 6, 0, 6.6], "texture": "#7"},
				"west": {"uv": [2, 6, 0, 6.6], "texture": "#7"},
				"up": {"uv": [2, 6, 0, 6.6], "rotation": 90, "texture": "#7"}
			}
		},
		{
			"name": "sight",
			"from": [7.61113, 8.54825, 10.31382],
			"to": [8.39113, 9.22825, 11.39382],
			"rotation": {"angle": 0, "axis": "y", "origin": [8.00662, 9.54546, 10.60095]},
			"faces": {
				"north": {"uv": [0.7, 6, 0, 6.6], "texture": "#7"},
				"east": {"uv": [0, 6, 2, 6.6], "texture": "#7"},
				"west": {"uv": [2, 6, 0, 6.6], "texture": "#7"},
				"up": {"uv": [2, 6, 0, 6.6], "rotation": 90, "texture": "#7"}
			}
		},
		{
			"name": "sight",
			"from": [7.82761, 8.64781, 26.29957],
			"to": [8.17761, 9.49781, 26.84957],
			"rotation": {"angle": 0, "axis": "y", "origin": [7.875, 8, 7]},
			"faces": {
				"north": {"uv": [0, 6, 0.35, 6.85], "texture": "#7"},
				"east": {"uv": [0, 6, 0.55, 6.85], "texture": "#7"},
				"south": {"uv": [0, 6, 0.35, 6.85], "texture": "#7"},
				"west": {"uv": [0, 6, 0.55, 6.85], "texture": "#7"},
				"up": {"uv": [0, 6.25, 0.35, 6.8], "texture": "#7"}
			}
		},
		{
			"name": "tigger",
			"from": [7.7189, 5.2804, 7.50951],
			"to": [8.2689, 6.4804, 7.70951],
			"rotation": {"angle": -22.5, "axis": "x", "origin": [7.875, 8.25, 8]},
			"faces": {
				"north": {"uv": [0, 8.25, 1.2, 8.8], "rotation": 90, "texture": "#7"},
				"east": {"uv": [0, 8.25, 1.2, 8.45], "rotation": 90, "texture": "#7"},
				"south": {"uv": [0, 8.25, 1.2, 8.8], "rotation": 90, "texture": "#7"},
				"west": {"uv": [0, 8.25, 1.2, 8.45], "rotation": 90, "texture": "#7"},
				"down": {"uv": [0, 8.25, 0.55, 8.45], "texture": "#7"}
			}
		},
		{
			"name": "tigger",
			"from": [7.44477, 4.90525, 7.34999],
			"to": [8.54477, 5.10525, 9.49999],
			"rotation": {"angle": 0, "axis": "y", "origin": [8.05, 8, 8]},
			"faces": {
				"east": {"uv": [0, 8, 1.9, 8.2], "texture": "#4"},
				"south": {"uv": [0, 0, 1.1, 0.2], "texture": "#4"},
				"west": {"uv": [0, 8, 1.9, 8.2], "texture": "#4"},
				"up": {"uv": [0, 7.25, 2.15, 8.35], "rotation": 90, "texture": "#4"},
				"down": {"uv": [0, 7.25, 2.15, 8.35], "rotation": 90, "texture": "#4"}
			}
		},
		{
			"name": "tigger",
			"from": [7.49477, 5.10525, 9.49999],
			"to": [8.49477, 7.10525, 9.64999],
			"rotation": {"angle": 0, "axis": "y", "origin": [8.1, 8, 8]},
			"faces": {
				"north": {"uv": [0, 7.25, 2.5, 8.25], "rotation": 90, "texture": "#4"},
				"east": {"uv": [0, 8, 2.5, 8.3], "rotation": 90, "texture": "#4"},
				"south": {"uv": [0, 7.25, 2.5, 8.25], "rotation": 90, "texture": "#4"},
				"west": {"uv": [0, 8, 2.5, 8.3], "rotation": 90, "texture": "#4"},
				"down": {"uv": [0, 8, 2.999, 8.197], "texture": "#4"}
			}
		}
	],
	"display": {
		"thirdperson_righthand": {
			"rotation": [-164, 20, 180],
			"translation": [0.5, 1.85, 2],
			"scale": [0.8, 0.8, 0.8]
		},
		"thirdperson_lefthand": {
			"rotation": [0, 180, 0]
		},
		"firstperson_righthand": {
			"rotation": [23, 157, -15],
			"translation": [5.25, 7.5, 0.25]
		},
		"gui": {
			"rotation": [-90, 50, 90],
			"translation": [-3.45, -1.75, 0],
			"scale": [0.87, 0.7, 0.69]
		}
	}
}