{
	"__comment": "Model generated using MrCrayfish's Model Creator (http://mrcrayfish.com/modelcreator/) guncolony.com ©",
	"textures": {
		"1": "hz/normalguntexture"
	},
	"elements": [
		{
			"from": [ 5.9995, 6.9991, 7.1999 ],
			"to": [ 12.09949, 7.7991, 8.7999 ],
			"faces": {
				"down": { "uv": [ 5, 10, 15, 12 ], "texture": "#1" },
				"north": { "uv": [ 0, 8, 10, 9 ], "texture": "#1" },
				"south": { "uv": [ 3, 9, 13, 10 ], "texture": "#1" },
				"west": { "uv": [ 12, 6, 14, 7 ], "texture": "#1" },
				"east": { "uv": [ 3, 8, 5, 9 ], "texture": "#1" }
			}
		},
		{
			"from": [ 5.9994, 7.7998, 7.1 ],
			"to": [ 12.7994, 8.6998, 8.9 ],
			"faces": {
				"down": { "uv": [ 6, 5, 15.5, 7 ], "texture": "#1" },
				"up": { "uv": [ 2, 9, 11.5, 11 ], "texture": "#1" },
				"north": { "uv": [ 5, 7, 14.5, 8 ], "texture": "#1" },
				"south": { "uv": [ 6, 8, 15.5, 9 ], "texture": "#1" },
				"east": { "uv": [ 7, 9, 9, 10 ], "texture": "#1" }
			}
		},
		{
			"from": [ 3.0004, 8.6001, 7.8992 ],
			"to": [ 3.6004, 9.300099, 8.0992 ],
			"faces": {
				"up": { "uv": [ 6, 6, 7, 7 ], "texture": "#1" },
				"north": { "uv": [ 1, 6, 2, 7 ], "texture": "#1" },
				"south": { "uv": [ 5, 15, 6, 16 ], "texture": "#1" },
				"west": { "uv": [ 4, 0, 5, 1 ], "texture": "#1" },
				"east": { "uv": [ 7.900782, 6.699945, 8.100782, 7.399946 ], "texture": "#1" }
			}
		},
		{
			"from": [ 8.6004, 4.7996, 7.2994 ],
			"to": [ 11.0004, 6.699598, 8.6994 ],
			"rotation": { "origin": [ 8, 8, 8 ], "axis": "z", "angle": 22.5 },
			"faces": {
				"up": { "uv": [ 12, 6, 14.2, 7.6 ], "texture": "#1" },
				"north": { "uv": [ 11, 6, 13.2, 8 ], "texture": "#1" },
				"south": { "uv": [ 5, 9, 7.2, 11 ], "texture": "#1" },
				"west": { "uv": [ 4, 8, 5.6, 10 ], "texture": "#1" },
				"east": { "uv": [ 11, 8, 12.6, 10 ], "texture": "#1" }
			}
		},
		{
			"from": [ 9.9999, 2.3993, 7.3008 ],
			"to": [ 12.5999, 2.599299, 8.7008 ],
			"faces": {
				"down": { "uv": [ 0, 0, 2.4, 1.8 ], "texture": "#1" },
				"up": { "uv": [ 0, 0, 2.4, 1.8 ], "texture": "#1" },
				"north": { "uv": [ 6, 12, 8.4, 12.5 ], "texture": "#1" },
				"south": { "uv": [ 1, 4, 3.4, 4.5 ], "texture": "#1" },
				"west": { "uv": [ 0, 0, 1.8, 0.5 ], "texture": "#1" },
				"east": { "uv": [ 7, 5, 8.8, 5.5 ], "texture": "#1" }
			}
		},
		{
			"from": [ 6.8003, 5.8997, 7.6005 ],
			"to": [ 7.000299, 6.299699, 8.400499 ],
			"faces": {
				"down": { "uv": [ 6, 5, 6.2, 5.8 ], "texture": "#1" },
				"north": { "uv": [ 10, 6, 10.2, 7.7 ], "texture": "#1" },
				"south": { "uv": [ 5, 9, 5.2, 10.7 ], "texture": "#1" },
				"west": { "uv": [ 3, 4, 3.8, 5.7 ], "texture": "#1" },
				"east": { "uv": [ 2, 6, 2.8, 7.7 ], "texture": "#1" }
			}
		},
		{
			"from": [ 6.9999, 5.6993, 7.6004 ],
			"to": [ 10.1999, 5.8993, 8.4004 ],
			"shade": false,
			"faces": {
				"down": { "uv": [ 6, 12, 8.2, 12.8 ], "texture": "#1" },
				"up": { "uv": [ 4, 4, 6.2, 4.8 ], "texture": "#1" },
				"north": { "uv": [ 8, 6, 10.2, 6.3 ], "texture": "#1" },
				"south": { "uv": [ 6, 5, 8.2, 5.3 ], "texture": "#1" },
				"west": { "uv": [ 9, 12, 9.8, 12.3 ], "texture": "#1" }
			}
		},
		{
			"from": [ 9.4994, 5.1997, 7.3009 ],
			"to": [ 11.9994, 6.2997, 8.7009 ],
			"shade": false,
			"faces": {
				"up": { "uv": [ 12, 6, 14.2, 7.6 ], "texture": "#1" },
				"north": { "uv": [ 6, 11, 8.2, 12 ], "texture": "#1" },
				"south": { "uv": [ 11, 8, 13.2, 10 ], "texture": "#1" },
				"west": { "uv": [ 9, 8, 10.6, 10 ], "texture": "#1" },
				"east": { "uv": [ 12, 6, 13.6, 8 ], "texture": "#1" }
			}
		},
		{
			"from": [ 5.9996, 8.6992, 7.5003 ],
			"to": [ 12.4996, 9.0992, 8.500299 ],
			"faces": {
				"up": { "uv": [ 2, 9, 11.5, 11 ], "texture": "#1" },
				"north": { "uv": [ 5, 7, 14.5, 8 ], "texture": "#1" },
				"south": { "uv": [ 6, 8, 15.5, 9 ], "texture": "#1" }
			}
		},
		{
			"from": [ 6.0001, 8.7008, 7.8991 ],
			"to": [ 12.5001, 9.100801, 8.4991 ],
			"rotation": { "origin": [ 8, 8, 8 ], "axis": "x", "angle": -45 },
			"faces": {
				"down": { "uv": [ 6, 5, 15.5, 7 ], "texture": "#1" },
				"up": { "uv": [ 6, 6, 15.5, 7 ], "texture": "#1" },
				"west": { "uv": [ 8, 6, 10, 7 ], "texture": "#1" },
				"east": { "uv": [ 6, 10, 8, 11 ], "texture": "#1" }
			}
		},
		{
			"from": [ 6.0006, 8.6998, 7.4991 ],
			"to": [ 12.5006, 9.0998, 8.0991 ],
			"rotation": { "origin": [ 8, 8, 8 ], "axis": "x", "angle": 45 },
			"faces": {
				"down": { "uv": [ 6, 5, 15.5, 6 ], "texture": "#1" },
				"up": { "uv": [ 6, 9, 15.5, 10 ], "texture": "#1" },
				"west": { "uv": [ 8, 6, 10, 7 ], "texture": "#1" },
				"east": { "uv": [ 6, 10, 8, 11 ], "texture": "#1" }
			}
		},
		{
			"from": [ 10.4007, 10.9996, 7.4996 ],
			"to": [ 10.9007, 11.8996, 8.499599 ],
			"rotation": { "origin": [ 8, 8, 8 ], "axis": "z", "angle": -45 },
			"faces": {
				"up": { "uv": [ 2, 9, 5.5, 10 ], "texture": "#1" },
				"north": { "uv": [ 5, 7, 7.5, 8 ], "texture": "#1" },
				"south": { "uv": [ 6, 8, 8.5, 9 ], "texture": "#1" },
				"west": { "uv": [ 8, 6, 10, 7 ], "texture": "#1" }
			}
		},
		{
			"from": [ 12.0007, 7.2991, 7.2005 ],
			"to": [ 12.9007, 7.7991, 8.8005 ],
			"faces": {
				"down": { "uv": [ 5, 10, 6, 12 ], "texture": "#1" },
				"up": { "uv": [ 12.00069, 7.200499, 12.90069, 8.800499 ], "texture": "#1" },
				"north": { "uv": [ 9, 8, 10, 9 ], "texture": "#1" },
				"south": { "uv": [ 11, 9, 12, 10 ], "texture": "#1" },
				"east": { "uv": [ 3, 8, 5, 9 ], "texture": "#1" }
			}
		},
		{
			"from": [ 10.9993, 5.501, 7.199 ],
			"to": [ 12.29931, 6.001, 8.799 ],
			"rotation": { "origin": [ 8, 8, 8 ], "axis": "z", "angle": 22.5 },
			"faces": {
				"down": { "uv": [ 5, 10, 6, 12 ], "texture": "#1" },
				"up": { "uv": [ 6, 7, 7, 9 ], "texture": "#1" },
				"north": { "uv": [ 9, 8, 10, 9 ], "texture": "#1" },
				"south": { "uv": [ 11, 9, 12, 10 ], "texture": "#1" },
				"west": { "uv": [ 12, 6, 13, 7 ], "texture": "#1" }
			}
		},
		{
			"from": [ 11.8994, 8.1004, 7.401 ],
			"to": [ 12.0994, 8.8004, 8.601002 ],
			"rotation": { "origin": [ 8, 8, 8 ], "axis": "z", "angle": -22.5 },
			"faces": {
				"down": { "uv": [ 6, 5, 6.2, 5.8 ], "texture": "#1" },
				"north": { "uv": [ 10, 6, 10.2, 7.7 ], "texture": "#1" },
				"south": { "uv": [ 5, 9, 5.2, 10.7 ], "texture": "#1" },
				"west": { "uv": [ 3, 4, 3.8, 5.7 ], "texture": "#1" },
				"east": { "uv": [ 2, 6, 2.8, 7.7 ], "texture": "#1" }
			}
		},
		{
			"from": [ 9.599299, 4.6998, 7.3007 ],
			"to": [ 12.3993, 5.1998, 8.700699 ],
			"shade": false,
			"faces": {
				"down": { "uv": [ 1, 12, 3.2, 13.6 ], "texture": "#1" },
				"up": { "uv": [ 12, 6, 14.2, 7.6 ], "texture": "#1" },
				"north": { "uv": [ 8, 6, 10.2, 7 ], "texture": "#1" },
				"south": { "uv": [ 11, 10, 13.2, 11 ], "texture": "#1" },
				"west": { "uv": [ 9, 10, 10.6, 11 ], "texture": "#1" },
				"east": { "uv": [ 9, 2, 10.6, 3 ], "texture": "#1" }
			}
		},
		{
			"from": [ 12.0002, 5.1997, 7.2997 ],
			"to": [ 12.3002, 5.7997, 8.699699 ],
			"shade": false,
			"faces": {
				"up": { "uv": [ 12, 10, 14.2, 11.6 ], "texture": "#1" },
				"north": { "uv": [ 11, 7, 13.2, 9 ], "texture": "#1" },
				"south": { "uv": [ 11, 8, 13.2, 10 ], "texture": "#1" },
				"east": { "uv": [ 13, 11, 14.6, 12 ], "texture": "#1" }
			}
		},
		{
			"from": [ 9.7999, 4.2002, 7.3008 ],
			"to": [ 12.4999, 4.7002, 8.7008 ],
			"shade": false,
			"faces": {
				"down": { "uv": [ 1, 12, 3.2, 13.6 ], "texture": "#1" },
				"north": { "uv": [ 9, 7, 11.2, 8 ], "texture": "#1" },
				"south": { "uv": [ 11, 10, 13.2, 11 ], "texture": "#1" },
				"west": { "uv": [ 9, 10, 10.6, 11 ], "texture": "#1" },
				"east": { "uv": [ 11, 7, 12.6, 8 ], "texture": "#1" }
			}
		},
		{
			"from": [ 10.0003, 3.7002, 7.2995 ],
			"to": [ 12.6003, 4.2002, 8.699499 ],
			"shade": false,
			"faces": {
				"up": { "uv": [ 12, 6, 14.2, 7.6 ], "texture": "#1" },
				"north": { "uv": [ 9, 7, 11.2, 8 ], "texture": "#1" },
				"south": { "uv": [ 11, 10, 13.2, 11 ], "texture": "#1" },
				"west": { "uv": [ 9, 10, 10.6, 11 ], "texture": "#1" },
				"east": { "uv": [ 9, 8, 10.6, 9 ], "texture": "#1" }
			}
		},
		{
			"from": [ 10.1, 3.2, 7.3005 ],
			"to": [ 12.7, 3.7, 8.700499 ],
			"shade": false,
			"faces": {
				"north": { "uv": [ 9, 7, 11.2, 8 ], "texture": "#1" },
				"south": { "uv": [ 11, 10, 13.2, 11 ], "texture": "#1" },
				"west": { "uv": [ 9, 10, 10.6, 11 ], "texture": "#1" },
				"east": { "uv": [ 8, 9, 9.6, 10 ], "texture": "#1" }
			}
		},
		{
			"from": [ 10.2007, 2.6006, 7.2994 ],
			"to": [ 12.8007, 3.2006, 8.699398 ],
			"shade": false,
			"faces": {
				"down": { "uv": [ 1, 12, 3.2, 13.6 ], "texture": "#1" },
				"up": { "uv": [ 12, 6, 14.2, 7.6 ], "texture": "#1" },
				"north": { "uv": [ 9, 7, 11.2, 8 ], "texture": "#1" },
				"south": { "uv": [ 11, 10, 13.2, 11 ], "texture": "#1" },
				"west": { "uv": [ 9, 10, 10.6, 11 ], "texture": "#1" },
				"east": { "uv": [ 5, 13, 6.6, 14 ], "texture": "#1" }
			}
		},
		{
			"from": [ 9.8002, 4.4997, 7.4997 ],
			"to": [ 12.60019, 4.9997, 8.499701 ],
			"shade": false,
			"faces": {
				"down": { "uv": [ 1, 12, 3.2, 13.6 ], "texture": "#1" },
				"north": { "uv": [ 8, 6, 10.2, 7 ], "texture": "#1" },
				"south": { "uv": [ 11, 10, 13.2, 11 ], "texture": "#1" },
				"west": { "uv": [ 9, 10, 10.6, 11 ], "texture": "#1" },
				"east": { "uv": [ 9, 2, 10.6, 3 ], "texture": "#1" }
			}
		},
		{
			"from": [ 9.9994, 4.0009, 7.4993 ],
			"to": [ 12.6994, 4.5009, 8.4993 ],
			"shade": false,
			"faces": {
				"north": { "uv": [ 9, 7, 11.2, 8 ], "texture": "#1" },
				"south": { "uv": [ 11, 10, 13.2, 11 ], "texture": "#1" },
				"west": { "uv": [ 9, 10, 10.6, 11 ], "texture": "#1" },
				"east": { "uv": [ 11, 7, 12.6, 8 ], "texture": "#1" }
			}
		},
		{
			"from": [ 10.0005, 3.4994, 7.4995 ],
			"to": [ 12.8005, 3.9994, 8.499499 ],
			"shade": false,
			"faces": {
				"north": { "uv": [ 9, 7, 11.2, 8 ], "texture": "#1" },
				"south": { "uv": [ 11, 10, 13.2, 11 ], "texture": "#1" },
				"west": { "uv": [ 9, 10, 10.6, 11 ], "texture": "#1" },
				"east": { "uv": [ 9, 8, 10.6, 9 ], "texture": "#1" }
			}
		},
		{
			"from": [ 10.1006, 3.0001, 7.5003 ],
			"to": [ 12.9006, 3.5001, 8.500299 ],
			"shade": false,
			"faces": {
				"north": { "uv": [ 9, 7, 11.2, 8 ], "texture": "#1" },
				"south": { "uv": [ 11, 10, 13.2, 11 ], "texture": "#1" },
				"west": { "uv": [ 9, 10, 10.6, 11 ], "texture": "#1" },
				"east": { "uv": [ 8, 9, 9.6, 10 ], "texture": "#1" }
			}
		},
		{
			"from": [ 10.2009, 2.5991, 7.5001 ],
			"to": [ 13.0009, 2.9991, 8.500099 ],
			"shade": false,
			"faces": {
				"down": { "uv": [ 1, 12, 3.2, 13.6 ], "texture": "#1" },
				"north": { "uv": [ 9, 7, 11.2, 8 ], "texture": "#1" },
				"south": { "uv": [ 11, 10, 13.2, 11 ], "texture": "#1" },
				"east": { "uv": [ 5, 13, 6.6, 14 ], "texture": "#1" }
			}
		},
		{
			"from": [ 9.6992, 4.9992, 7.5003 ],
			"to": [ 12.4992, 5.4992, 8.5003 ],
			"shade": false,
			"faces": {
				"north": { "uv": [ 8, 6, 10.2, 7 ], "texture": "#1" },
				"south": { "uv": [ 11, 10, 13.2, 11 ], "texture": "#1" },
				"west": { "uv": [ 9, 10, 10.6, 11 ], "texture": "#1" },
				"east": { "uv": [ 9, 2, 10.6, 3 ], "texture": "#1" }
			}
		},
		{
			"from": [ 9.5996, 5.2008, 7.6005 ],
			"to": [ 12.3996, 5.7008, 8.400499 ],
			"shade": false,
			"faces": {
				"up": { "uv": [ 12, 6, 14.2, 7.6 ], "texture": "#1" },
				"north": { "uv": [ 8, 6, 10.2, 7 ], "texture": "#1" },
				"south": { "uv": [ 11, 10, 13.2, 11 ], "texture": "#1" }
			}
		},
		{
			"from": [ 7.1991, 5.4998, 7.4992 ],
			"to": [ 8.399099, 5.799799, 8.4992 ],
			"rotation": { "origin": [ 8, 8, 8 ], "axis": "z", "angle": 45 },
			"shade": false,
			"faces": {
				"down": { "uv": [ 6, 12, 8.2, 12.8 ], "texture": "#1" },
				"up": { "uv": [ 4, 4, 6.2, 4.8 ], "texture": "#1" },
				"north": { "uv": [ 8, 6, 10.2, 6.3 ], "texture": "#1" },
				"south": { "uv": [ 6, 5, 8.2, 5.3 ], "texture": "#1" },
				"east": { "uv": [ 6, 12, 6.8, 12.3 ], "texture": "#1" }
			}
		},
		{
			"from": [ 8.500299, 5.699, 7.5003 ],
			"to": [ 9.000299, 5.999, 8.5003 ],
			"rotation": { "origin": [ 8, 8, 8 ], "axis": "z", "angle": -45 },
			"shade": false,
			"faces": {
				"down": { "uv": [ 6, 12, 8.2, 12.8 ], "texture": "#1" },
				"up": { "uv": [ 4, 4, 6.2, 4.8 ], "texture": "#1" },
				"north": { "uv": [ 8, 6, 10.2, 6.3 ], "texture": "#1" },
				"south": { "uv": [ 6, 5, 8.2, 5.3 ], "texture": "#1" }
			}
		},
		{
			"from": [ 6.6999, 6.2006, 7.6001 ],
			"to": [ 6.899899, 6.8006, 8.4001 ],
			"faces": {
				"down": { "uv": [ 6, 5, 6.2, 5.8 ], "texture": "#1" },
				"north": { "uv": [ 10, 6, 10.2, 6.7 ], "texture": "#1" },
				"south": { "uv": [ 5, 9, 5.2, 9.7 ], "texture": "#1" },
				"west": { "uv": [ 3, 4, 3.8, 4.7 ], "texture": "#1" },
				"east": { "uv": [ 2, 6, 2.8, 6.7 ], "texture": "#1" }
			}
		},
		{
			"from": [ 6.5991, 6.7998, 7.5999 ],
			"to": [ 7.0991, 6.9998, 8.399899 ],
			"faces": {
				"down": { "uv": [ 6, 5, 6.2, 5.8 ], "texture": "#1" },
				"north": { "uv": [ 10, 6, 10.2, 7.7 ], "texture": "#1" },
				"south": { "uv": [ 5, 9, 5.2, 10.7 ], "texture": "#1" },
				"west": { "uv": [ 3, 4, 3.8, 5.7 ], "texture": "#1" },
				"east": { "uv": [ 2, 6, 2.8, 7.7 ], "texture": "#1" }
			}
		},
		{
			"from": [ 6.2007, 7.8002, 7.6998 ],
			"to": [ 6.8007, 8.0002, 8.299801 ],
			"rotation": { "origin": [ 8, 8, 8 ], "axis": "z", "angle": 45 },
			"faces": {
				"down": { "uv": [ 6, 5, 6.2, 5.8 ], "texture": "#1" },
				"up": { "uv": [ 8, 6, 8.2, 6.8 ], "texture": "#1" },
				"north": { "uv": [ 10, 6, 10.2, 7.7 ], "texture": "#1" },
				"south": { "uv": [ 5, 9, 5.2, 10.7 ], "texture": "#1" }
			}
		},
		{
			"from": [ 8.0992, 6.8009, 7.6994 ],
			"to": [ 8.399199, 7.6009, 8.299399 ],
			"faces": {
				"north": { "uv": [ 10, 6, 10.2, 6.7 ], "texture": "#1" },
				"south": { "uv": [ 5, 9, 5.2, 9.7 ], "texture": "#1" },
				"west": { "uv": [ 3, 4, 3.8, 4.7 ], "texture": "#1" },
				"east": { "uv": [ 2, 6, 2.8, 6.7 ], "texture": "#1" }
			}
		},
		{
			"from": [ 8.7002, 6.3001, 7.7007 ],
			"to": [ 8.900199, 7.3001, 8.300701 ],
			"rotation": { "origin": [ 8, 8, 8 ], "axis": "z", "angle": -22.5 },
			"faces": {
				"down": { "uv": [ 6, 5, 6.2, 5.8 ], "texture": "#1" },
				"north": { "uv": [ 10, 6, 10.2, 6.7 ], "texture": "#1" },
				"south": { "uv": [ 5, 9, 5.2, 9.7 ], "texture": "#1" },
				"west": { "uv": [ 3, 4, 3.8, 4.7 ], "texture": "#1" },
				"east": { "uv": [ 2, 6, 2.8, 6.7 ], "texture": "#1" }
			}
		},
		{
			"from": [ 8.0999, 6.4001, 7.7006 ],
			"to": [ 8.2999, 7.0001, 8.300598 ],
			"faces": {
				"down": { "uv": [ 6, 5, 6.2, 5.8 ], "texture": "#1" },
				"north": { "uv": [ 10, 6, 10.2, 6.7 ], "texture": "#1" },
				"south": { "uv": [ 5, 9, 5.2, 9.7 ], "texture": "#1" },
				"west": { "uv": [ 3, 4, 3.8, 4.7 ], "texture": "#1" },
				"east": { "uv": [ 2, 6, 2.8, 6.7 ], "texture": "#1" }
			}
		},
		{
			"from": [ 9.3004, 6.4995, 7.7001 ],
			"to": [ 9.400399, 6.799501, 8.3001 ],
			"rotation": { "origin": [ 8, 8, 8 ], "axis": "z", "angle": -45 },
			"faces": {
				"down": { "uv": [ 6, 5, 6.2, 5.8 ], "texture": "#1" },
				"up": { "uv": [ 8, 6, 8.2, 6.8 ], "texture": "#1" },
				"north": { "uv": [ 10, 6, 10.2, 6.7 ], "texture": "#1" },
				"south": { "uv": [ 5, 9, 5.2, 9.7 ], "texture": "#1" },
				"west": { "uv": [ 3, 4, 3.8, 4.7 ], "texture": "#1" },
				"east": { "uv": [ 2, 6, 2.8, 6.7 ], "texture": "#1" }
			}
		},
		{
			"from": [ 2.7995, 7.8008, 7.1997 ],
			"to": [ 5.999499, 8.7008, 8.7997 ],
			"faces": {
				"down": { "uv": [ 6, 5, 15.5, 7 ], "texture": "#1" },
				"up": { "uv": [ 2, 9, 11.5, 11 ], "texture": "#1" },
				"north": { "uv": [ 9, 10, 13.5, 11 ], "texture": "#1" },
				"south": { "uv": [ 9, 10, 13.5, 11 ], "texture": "#1" },
				"west": { "uv": [ 8, 6, 10, 7 ], "texture": "#1" }
			}
		},
		{
			"from": [ 2.7998, 8.7, 7.5001 ],
			"to": [ 5.9998, 9, 8.500099 ],
			"faces": {
				"up": { "uv": [ 2, 9, 11.5, 11 ], "texture": "#1" },
				"north": { "uv": [ 9, 10, 13.5, 11 ], "texture": "#1" },
				"south": { "uv": [ 9, 10, 13.5, 11 ], "texture": "#1" },
				"west": { "uv": [ 8, 6, 10, 7 ], "texture": "#1" }
			}
		},
		{
			"from": [ 2.7996, 8.6992, 7.6009 ],
			"to": [ 6.0996, 8.9992, 8.100899 ],
			"rotation": { "origin": [ 8, 8, 8 ], "axis": "x", "angle": 45 },
			"faces": {
				"up": { "uv": [ 4, 12, 13.5, 13 ], "texture": "#1" },
				"west": { "uv": [ 11, 5, 13, 6 ], "texture": "#1" },
				"east": { "uv": [ 7, 9, 9, 10 ], "texture": "#1" }
			}
		},
		{
			"from": [ 2.7991, 8.7007, 7.9003 ],
			"to": [ 6.0991, 9.0007, 8.4003 ],
			"rotation": { "origin": [ 8, 8, 8 ], "axis": "x", "angle": -45 },
			"faces": {
				"up": { "uv": [ 4, 12, 13.5, 13 ], "texture": "#1" },
				"west": { "uv": [ 7, 7, 9, 8 ], "texture": "#1" },
				"east": { "uv": [ 6, 7, 8, 8 ], "texture": "#1" }
			}
		},
		{
			"from": [ 2.8995, 7.4993, 7.3008 ],
			"to": [ 5.999499, 7.7993, 8.700799 ],
			"faces": {
				"down": { "uv": [ 6, 5, 15.5, 7 ], "texture": "#1" },
				"north": { "uv": [ 11, 5, 15.5, 6 ], "texture": "#1" },
				"south": { "uv": [ 4, 7, 8.5, 8 ], "texture": "#1" },
				"west": { "uv": [ 8, 6, 10, 7 ], "texture": "#1" }
			}
		},
		{
			"from": [ 3.4, 6.9992, 7.599 ],
			"to": [ 6, 7.4992, 8.399 ],
			"faces": {
				"down": { "uv": [ 6, 5, 15.5, 7 ], "texture": "#1" },
				"north": { "uv": [ 6, 3, 10.5, 5 ], "texture": "#1" },
				"south": { "uv": [ 7, 7, 11.5, 9 ], "texture": "#1" },
				"west": { "uv": [ 8, 6, 10, 7 ], "texture": "#1" }
			}
		},
		{
			"from": [ 11.1997, 8.6009, 7.6 ],
			"to": [ 12.39969, 9.3009, 8.4 ],
			"faces": {
				"up": { "uv": [ 6, 6, 7, 7 ], "texture": "#1" },
				"north": { "uv": [ 1, 6, 2, 7 ], "texture": "#1" },
				"south": { "uv": [ 5, 15, 6, 16 ], "texture": "#1" },
				"west": { "uv": [ 4, 0, 5, 1 ], "texture": "#1" }
			}
		},
		{
			"from": [ 12.3008, 8.8995, 8.1002 ],
			"to": [ 12.4008, 9.4995, 8.400199 ],
			"faces": {
				"up": { "uv": [ 6, 6, 7, 7 ], "texture": "#1" },
				"north": { "uv": [ 1, 6, 2, 7 ], "texture": "#1" },
				"south": { "uv": [ 5, 15, 6, 16 ], "texture": "#1" },
				"west": { "uv": [ 4, 0, 5, 1 ], "texture": "#1" },
				"east": { "uv": [ 2, 8, 3, 9 ], "texture": "#1" }
			}
		},
		{
			"from": [ 12.2998, 8.9, 7.5998 ],
			"to": [ 12.3998, 9.5, 7.899798 ],
			"faces": {
				"up": { "uv": [ 6, 6, 7, 7 ], "texture": "#1" },
				"north": { "uv": [ 1, 6, 2, 7 ], "texture": "#1" },
				"south": { "uv": [ 5, 15, 6, 16 ], "texture": "#1" },
				"west": { "uv": [ 4, 0, 5, 1 ], "texture": "#1" },
				"east": { "uv": [ 2, 8, 3, 9 ], "texture": "#1" }
			}
		},
		{
			"from": [ 11.9005, 9.2999, 8.299399 ],
			"to": [ 12.3005, 9.4999, 8.399399 ],
			"faces": {
				"up": { "uv": [ 6, 6, 7, 7 ], "texture": "#1" },
				"north": { "uv": [ 1, 6, 2, 7 ], "texture": "#1" },
				"south": { "uv": [ 5, 15, 6, 16 ], "texture": "#1" },
				"west": { "uv": [ 4, 0, 5, 1 ], "texture": "#1" }
			}
		},
		{
			"from": [ 11.9003, 9.3003, 7.5997 ],
			"to": [ 12.3003, 9.500299, 7.699699 ],
			"faces": {
				"up": { "uv": [ 6, 6, 7, 7 ], "texture": "#1" },
				"north": { "uv": [ 1, 6, 2, 7 ], "texture": "#1" },
				"south": { "uv": [ 5, 15, 6, 16 ], "texture": "#1" },
				"west": { "uv": [ 4, 0, 5, 1 ], "texture": "#1" }
			}
		}
	],
	"display": {
		"thirdperson_righthand": {
			"rotation":  [ 0, 270, -60 ],
			"translation":  [ 0, 3.5, 3 ],
			"scale":  [ 0.67, 0.67, 0.67 ]
		},
		"thirdperson_lefthand": {
			"rotation":  [ 0, 90, 60 ],
			"translation":  [ 0, 3.5, 3 ],
			"scale":  [ 0.67, 0.67, 0.67 ]
		},
		"firstperson_righthand": {
			"rotation":  [ 0, -90, 0 ],
			"translation":  [ -2, 4, -5 ],
			"scale":  [ 0.9, 0.9, 0.9 ]
		},
		"firstperson_lefthand": {
			"rotation":  [ 0, 90, 0 ],
			"translation":  [ -2, 4, -5 ],
			"scale":  [ 0.9, 0.9, 0.9 ]
		},
		"gui": {
			"rotation":  [ 15, -162, -36 ],
			"translation":  [ 0.0005, 2.1362, 0 ],
			"scale":  [ 1.25, 1.25, 1.25 ]
		},
		"ground": {
			"scale":  [ 0.67, 0.67, 0.67 ]
		}
	}
}