{
	"__comment": "Made By Ubalube",
	"textures": {
		"Body": "item/coas/guns/hk416/body_main",
		"Mag": "item/coas/guns/hk416/mag",
		"Body2": "item/coas/guns/hk416/body_side",
		"Acog": "item/coas/guns/hk416/acog",
		"Red": "item/coas/guns/hk416/redline"
	},
	"elements": [ 	 
		{
			"__comment": "Box1",
			"from": [ 11.5, 1.5, 5.5 ],
			"to": [ 13.5, 5.5, 7 ],
			"rotation": { "origin": [ 11.5, 1.5, 5.5 ], "axis": "z", "angle": 22.5 },
			"faces": {
				"down": { "uv": [ 9, 9, 11, 10.5 ], "texture": "#Body2" },
				"up": { "uv": [ 9, 5.5, 11, 7 ], "texture": "#Body2" },
				"north": { "uv": [ 5, 10.5, 7, 14.5 ], "texture": "#Body2" },
				"south": { "uv": [ 9, 10.5, 11, 14.5 ], "texture": "#Body2" },
				"west": { "uv": [ 5.5, 10.5, 7, 14.5 ], "texture": "#Body2" },
				"east": { "uv": [ 9, 10.5, 10.5, 14.5 ], "texture": "#Body2" }
			}
		},
		{
			"__comment": "Box10",
			"from": [ 8, 5, 5 ],
			"to": [ 12, 6, 7.5 ],
			"faces": {
				"down": { "uv": [ 13.5, 8.5, 16, 11 ], "texture": "#Body" },
				"up": { "uv": [ 13.5, 5, 16, 7.5 ], "texture": "#Body" },
				"north": { "uv": [ 0, 10, 2.5, 11 ], "texture": "#Body" },
				"south": { "uv": [ 13.5, 10, 16, 11 ], "texture": "#Body" },
				"west": { "uv": [ 5, 10, 7.5, 11 ], "texture": "#Body" },
				"east": { "uv": [ 8.5, 10, 11, 11 ], "texture": "#Body" }
			}
		},
		{
			"__comment": "Box11",
			"from": [ 8.5, 3.5, 6 ],
			"to": [ 11, 4, 6.5 ],
			"faces": {
				"down": { "uv": [ 14, 9.5, 16, 10 ], "texture": "#Body2" },
				"up": { "uv": [ 14, 6, 16, 6.5 ], "texture": "#Body2" },
				"north": { "uv": [ 0, 12, 2, 12.5 ], "texture": "#Body2" },
				"south": { "uv": [ 14, 12, 16, 12.5 ], "texture": "#Body2" },
				"west": { "uv": [ 6, 12, 6.5, 12.5 ], "texture": "#Body2" },
				"east": { "uv": [ 9.5, 12, 10, 12.5 ], "texture": "#Body2" }
			}
		},
		{
			"__comment": "Box14",
			"from": [ 10, 4, 6 ],
			"to": [ 11, 5, 6.5 ],
			"rotation": { "origin": [ 10, 4, 6 ], "axis": "z", "angle": 22.5 },
			"faces": {
				"down": { "uv": [ 15.5, 1, 16, 2 ], "texture": "#Body2" },
				"up": { "uv": [ 15.5, 14, 16, 15 ], "texture": "#Body2" },
				"north": { "uv": [ 0, 11, 0.5, 12 ], "texture": "#Body2" },
				"south": { "uv": [ 15.5, 11, 16, 12 ], "texture": "#Body2" },
				"west": { "uv": [ 14, 11, 15, 12 ], "texture": "#Body2" },
				"east": { "uv": [ 1, 11, 2, 12 ], "texture": "#Body2" }
			}
		},
		{
			"__comment": "Box16",
			"from": [ 5, 6, 4.85 ],
			"to": [ 12, 7, 7.65 ],
			"faces": {
				"down": { "uv": [ 10.5, 8.35, 16, 11.15 ], "texture": "#Body2" },
				"up": { "uv": [ 10.5, 4.85, 16, 7.65 ], "texture": "#Body2" },
				"north": { "uv": [ 0, 9, 5.5, 10 ], "texture": "#Body2" },
				"south": { "uv": [ 10.5, 9, 16, 10 ], "texture": "#Body2" },
				"west": { "uv": [ 4.85, 9, 7.65, 10 ], "texture": "#Body2" },
				"east": { "uv": [ 8.35, 9, 11.15, 10 ], "texture": "#Body2" }
			}
		},
		{
			"__comment": "Box17",
			"from": [ 8, 3.5, 5.5 ],
			"to": [ 8.5, 5, 7 ],
			"faces": {
				"down": { "uv": [ 13.5, 9, 14, 10.5 ], "texture": "#Body" },
				"up": { "uv": [ 13.5, 5.5, 14, 7 ], "texture": "#Body" },
				"north": { "uv": [ 2, 11, 2.5, 12.5 ], "texture": "#Body" },
				"south": { "uv": [ 13.5, 11, 14, 12.5 ], "texture": "#Body" },
				"west": { "uv": [ 5.5, 11, 7, 12.5 ], "texture": "#Body" },
				"east": { "uv": [ 9, 11, 10.5, 12.5 ], "texture": "#Body" }
			}
		},
		{
			"__comment": "Box18",
			"from": [ 6.5, 3.5, 5.5 ],
			"to": [ 8, 4, 7 ],
			"faces": {
				"down": { "uv": [ 11, 1, 14, 2 ], "texture": "#Body2" },
				"up": { "uv": [ 11, 14, 14, 15 ], "texture": "#Body2" },
				"north": { "uv": [ 2, 12.5, 5, 13 ], "texture": "#Body2" },
				"south": { "uv": [ 11, 12.5, 14, 13 ], "texture": "#Body2" },
				"west": { "uv": [ 14, 12.5, 15, 13 ], "texture": "#Body2" },
				"east": { "uv": [ 1, 12.5, 2, 13 ], "texture": "#Body2" }
			}
		},
		{
			"__comment": "Box18",
			"from": [ 5, 4, 5.5 ],
			"to": [ 7, 4.5, 7 ],
			"faces": {
				"down": { "uv": [ 11, 1, 14, 2 ], "texture": "#Body2" },
				"up": { "uv": [ 11, 14, 14, 15 ], "texture": "#Body2" },
				"north": { "uv": [ 2, 12.5, 5, 13 ], "texture": "#Body2" },
				"south": { "uv": [ 11, 12.5, 14, 13 ], "texture": "#Body2" },
				"west": { "uv": [ 14, 12.5, 15, 13 ], "texture": "#Body2" },
				"east": { "uv": [ 1, 12.5, 2, 13 ], "texture": "#Body2" }
			}
		},
		{
			"__comment": "Box20",
			"from": [ 7, 4, 5 ],
			"to": [ 8, 6, 7.5 ],
			"faces": {
				"down": { "uv": [ 12.5, 8.5, 13.5, 11 ], "texture": "#Body" },
				"up": { "uv": [ 12.5, 5, 13.5, 7.5 ], "texture": "#Body" },
				"north": { "uv": [ 2.5, 10, 3.5, 12 ], "texture": "#Body" },
				"south": { "uv": [ 12.5, 10, 13.5, 12 ], "texture": "#Body" },
				"west": { "uv": [ 5, 10, 7.5, 12 ], "texture": "#Body" },
				"east": { "uv": [ 8.5, 10, 11, 12 ], "texture": "#Body" }
			}
		},
		{
			"__comment": "Box20",
			"from": [ 5, 4.5, 5 ],
			"to": [ 7, 6, 7.5 ],
			"faces": {
				"down": { "uv": [ 10.5, 8.5, 12.5, 11 ], "texture": "#Body" },
				"up": { "uv": [ 10.5, 5, 12.5, 7.5 ], "texture": "#Body" },
				"north": { "uv": [ 3.5, 10, 5.5, 11.5 ], "texture": "#Body" },
				"south": { "uv": [ 10.5, 10, 12.5, 11.5 ], "texture": "#Body" },
				"west": { "uv": [ 5, 10, 7.5, 11.5 ], "texture": "#Body" },
				"east": { "uv": [ 8.5, 10, 11, 11.5 ], "texture": "#Body" }
			}
		},
		{
			"__comment": "Box22",
			"from": [ 8, 4.5, 5 ],
			"to": [ 8.5, 5, 5.5 ],
			"faces": {
				"down": { "uv": [ 13.5, 10.5, 14, 11 ], "texture": "#Body2" },
				"up": { "uv": [ 13.5, 5, 14, 5.5 ], "texture": "#Body2" },
				"north": { "uv": [ 2, 11, 2.5, 11.5 ], "texture": "#Body2" },
				"south": { "uv": [ 13.5, 11, 14, 11.5 ], "texture": "#Body2" },
				"west": { "uv": [ 5, 11, 5.5, 11.5 ], "texture": "#Body2" },
				"east": { "uv": [ 10.5, 11, 11, 11.5 ], "texture": "#Body2" }
			}
		},
		{
			"__comment": "Box22",
			"from": [ 8, 4.5, 7 ],
			"to": [ 8.5, 5, 7.5 ],
			"faces": {
				"down": { "uv": [ 13.5, 8.5, 14, 9 ], "texture": "#Body2" },
				"up": { "uv": [ 13.5, 7, 14, 7.5 ], "texture": "#Body2" },
				"north": { "uv": [ 2, 11, 2.5, 11.5 ], "texture": "#Body2" },
				"south": { "uv": [ 13.5, 11, 14, 11.5 ], "texture": "#Body2" },
				"west": { "uv": [ 7, 11, 7.5, 11.5 ], "texture": "#Body2" },
				"east": { "uv": [ 8.5, 11, 9, 11.5 ], "texture": "#Body2" }
			}
		},
		{
			"__comment": "Box25",
			"from": [ 5, 7, 5.36 ],
			"to": [ 12, 7.5, 7.11 ],
			"faces": {
				"down": { "uv": [ 10.5, 8.889999, 16, 10.64 ], "texture": "#Body" },
				"up": { "uv": [ 10.5, 5.360001, 16, 7.110001 ], "texture": "#Body" },
				"north": { "uv": [ 0, 8.5, 5.5, 9 ], "texture": "#Body" },
				"south": { "uv": [ 10.5, 8.5, 16, 9 ], "texture": "#Body" },
				"west": { "uv": [ 5.360001, 8.5, 7.110001, 9 ], "texture": "#Body" },
				"east": { "uv": [ 8.889999, 8.5, 10.64, 9 ], "texture": "#Body" }
			}
		},
		{
			"__comment": "Box14",
			"from": [ 12.5, 5.5, 5.5 ],
			"to": [ 14.5, 7, 7 ],
			"faces": {
				"down": { "uv": [ 2, 9, 4, 10.5 ], "texture": "#Body" },
				"up": { "uv": [ 2, 5.5, 4, 7 ], "texture": "#Body" },
				"north": { "uv": [ 12, 9, 14, 10.5 ], "texture": "#Body" },
				"south": { "uv": [ 2, 9, 4, 10.5 ], "texture": "#Body" },
				"west": { "uv": [ 5.5, 9, 7, 10.5 ], "texture": "#Body" },
				"east": { "uv": [ 9, 9, 10.5, 10.5 ], "texture": "#Body" }
			}
		},
		{
			"__comment": "Box16",
			"from": [ 7, 4.5, 4.921 ],
			"to": [ 8, 6, 5.171 ],
			"faces": {
				"down": { "uv": [ 12.5, 10.829, 13.5, 11.079 ], "texture": "#Body2" },
				"up": { "uv": [ 12.5, 4.921, 13.5, 5.171 ], "texture": "#Body2" },
				"north": { "uv": [ 2.5, 10, 3.5, 11.5 ], "texture": "#Body2" },
				"south": { "uv": [ 12.5, 10, 13.5, 11.5 ], "texture": "#Body2" },
				"west": { "uv": [ 4.921, 10, 5.171, 11.5 ], "texture": "#Body2" },
				"east": { "uv": [ 10.829, 10, 11.079, 11.5 ], "texture": "#Body2" }
			}
		},
		{
			"__comment": "Box16",
			"from": [ 7, 4.5, 7.31 ],
			"to": [ 8, 6, 7.56 ],
			"faces": {
				"down": { "uv": [ 12.5, 8.44, 13.5, 8.69 ], "texture": "#Body2" },
				"up": { "uv": [ 12.5, 7.309999, 13.5, 7.559999 ], "texture": "#Body2" },
				"north": { "uv": [ 2.5, 10, 3.5, 11.5 ], "texture": "#Body2" },
				"south": { "uv": [ 12.5, 10, 13.5, 11.5 ], "texture": "#Body2" },
				"west": { "uv": [ 7.31, 10, 7.56, 11.5 ], "texture": "#Body2" },
				"east": { "uv": [ 8.44, 10, 8.69, 11.5 ], "texture": "#Body2" }
			}
		},
		{
			"__comment": "Box17",
			"from": [ 12, 5, 5 ],
			"to": [ 12.5, 7, 7.5 ],
			"faces": {
				"down": { "uv": [ 1.5, 8.5, 2, 11 ], "texture": "#Body" },
				"up": { "uv": [ 1.5, 5, 2, 7.5 ], "texture": "#Body" },
				"north": { "uv": [ 14, 9, 14.5, 11 ], "texture": "#Body" },
				"south": { "uv": [ 1.5, 9, 2, 11 ], "texture": "#Body" },
				"west": { "uv": [ 5, 9, 7.5, 11 ], "texture": "#Body" },
				"east": { "uv": [ 8.5, 9, 11, 11 ], "texture": "#Body" }
			}
		},
		{
			"__comment": "Box18",
			"from": [ 12, 7.4, 5.5 ],
			"to": [ 13, 7.05, 7 ],
			"faces": {
				"down": { "uv": [ 1.5, 9, 2.5, 10.5 ], "texture": "#Body" },
				"up": { "uv": [ 1.5, 5.5, 2.5, 7 ], "texture": "#Body" },
				"north": { "uv": [ 13.5, 8.950001, 14.5, 8.6 ], "texture": "#Body" },
				"south": { "uv": [ 1.5, 8.950001, 2.5, 8.6 ], "texture": "#Body" },
				"west": { "uv": [ 5.5, 8.950001, 7, 8.6 ], "texture": "#Body" },
				"east": { "uv": [ 9, 8.950001, 10.5, 8.6 ], "texture": "#Body" }
			}
		},
		{
			"__comment": "Box19",
			"from": [ 13, 7.4, 5 ],
			"to": [ 13.5, 7.05, 7.5 ],
			"faces": {
				"down": { "uv": [ 2.5, 8.5, 3, 11 ], "texture": "#Body" },
				"up": { "uv": [ 2.5, 5, 3, 7.5 ], "texture": "#Body" },
				"north": { "uv": [ 13, 8.950001, 13.5, 8.6 ], "texture": "#Body" },
				"south": { "uv": [ 2.5, 8.950001, 3, 8.6 ], "texture": "#Body" },
				"west": { "uv": [ 5, 8.950001, 7.5, 8.6 ], "texture": "#Body" },
				"east": { "uv": [ 8.5, 8.950001, 11, 8.6 ], "texture": "#Body" }
			}
		},
		{
			"__comment": "Box20",
			"from": [ 14.5, 5, 5 ],
			"to": [ 20.5, 7, 7.5 ],
			"faces": {
				"down": { "uv": [ 4, 8.5, 10, 11 ], "texture": "#Body2" },
				"up": { "uv": [ 4, 5, 10, 7.5 ], "texture": "#Body2" },
				"north": { "uv": [ 6, 9, 12, 11 ], "texture": "#Body2" },
				"south": { "uv": [ 4, 9, 10, 11 ], "texture": "#Body2" },
				"west": { "uv": [ 5, 9, 7.5, 11 ], "texture": "#Body2" },
				"east": { "uv": [ 8.5, 9, 11, 11 ], "texture": "#Body2" }
			}
		},
		{
			"__comment": "Box21",
			"from": [ 15, 4.5, 5.5 ],
			"to": [ 20, 5, 7 ],
			"faces": {
				"down": { "uv": [ 4.5, 9, 9.5, 10.5 ], "texture": "#Body2" },
				"up": { "uv": [ 4.5, 5.5, 9.5, 7 ], "texture": "#Body2" },
				"north": { "uv": [ 6.5, 11, 11.5, 11.5 ], "texture": "#Body2" },
				"south": { "uv": [ 4.5, 11, 9.5, 11.5 ], "texture": "#Body2" },
				"west": { "uv": [ 5.5, 11, 7, 11.5 ], "texture": "#Body2" },
				"east": { "uv": [ 9, 11, 10.5, 11.5 ], "texture": "#Body2" }
			}
		},
		{
			"__comment": "Box22",
			"from": [ 20, 3, 5.5 ],
			"to": [ 21, 5, 7 ],
			"faces": {
				"down": { "uv": [ 9.5, 9, 10.5, 10.5 ], "texture": "#Body2" },
				"up": { "uv": [ 9.5, 5.5, 10.5, 7 ], "texture": "#Body2" },
				"north": { "uv": [ 5.5, 11, 6.5, 13 ], "texture": "#Body2" },
				"south": { "uv": [ 9.5, 11, 10.5, 13 ], "texture": "#Body2" },
				"west": { "uv": [ 5.5, 11, 7, 13 ], "texture": "#Body2" },
				"east": { "uv": [ 9, 11, 10.5, 13 ], "texture": "#Body2" }
			}
		},
		{
			"__comment": "Box22",
			"from": [ 20.5, 5, 5 ],
			"to": [ 21.5, 7, 7.5 ],
			"faces": {
				"down": { "uv": [ 10, 8.5, 11, 11 ], "texture": "#Body2" },
				"up": { "uv": [ 10, 5, 11, 7.5 ], "texture": "#Body2" },
				"north": { "uv": [ 5, 9, 6, 11 ], "texture": "#Body2" },
				"south": { "uv": [ 10, 9, 11, 11 ], "texture": "#Body2" },
				"west": { "uv": [ 5, 9, 7.5, 11 ], "texture": "#Body2" },
				"east": { "uv": [ 8.5, 9, 11, 11 ], "texture": "#Body2" }
			}
		},
		{
			"__comment": "Box24",
			"from": [ 15.5, 4.9, 7.65 ],
			"to": [ 20, 6.4, 4.849998 ],
			"faces": {
				"down": { "uv": [ 5, 11.15, 9.5, 8.35 ], "texture": "#Body2" },
				"up": { "uv": [ 5, 7.65, 9.5, 4.85 ], "texture": "#Body2" },
				"north": { "uv": [ 6.5, 9.6, 11, 11.1 ], "texture": "#Body2" },
				"south": { "uv": [ 5, 9.6, 9.5, 11.1 ], "texture": "#Body2" },
				"west": { "uv": [ 7.65, 9.6, 4.85, 11.1 ], "texture": "#Body2" },
				"east": { "uv": [ 11.15, 9.6, 8.35, 11.1 ], "texture": "#Body2" }
			}
		},
		{
			"__comment": "Box25",
			"from": [ 15.5, 6.3, 7.25 ],
			"to": [ 20, 7.3, 7.75 ],
			"rotation": { "origin": [ 15.5, 6.3, 7.25 ], "axis": "x", "angle": -22.5 },
			"faces": {
				"down": { "uv": [ 5, 8.5, 9.5, 9 ], "texture": "#Body2" },
				"up": { "uv": [ 5, 7, 9.5, 7.5 ], "texture": "#Body2" },
				"north": { "uv": [ 6.5, 8.5, 11, 9.5 ], "texture": "#Body2" },
				"south": { "uv": [ 5, 8.5, 9.5, 9.5 ], "texture": "#Body2" },
				"west": { "uv": [ 7, 8.5, 7.5, 9.5 ], "texture": "#Body2" },
				"east": { "uv": [ 8.5, 8.5, 9, 9.5 ], "texture": "#Body2" }
			}
		},
		{
			"__comment": "Box25",
			"from": [ 15.5, 6.56, 4.8 ],
			"to": [ 20, 7.56, 5.3 ],
			"rotation": { "origin": [ 15.5, 6.56, 4.8 ], "axis": "x", "angle": 22.5 },
			"faces": {
				"down": { "uv": [ 5, 8.5, 9.5, 9 ], "texture": "#Body2" },
				"up": { "uv": [ 5, 7, 9.5, 7.5 ], "texture": "#Body2" },
				"north": { "uv": [ 6.5, 8.5, 11, 9.5 ], "texture": "#Body2" },
				"south": { "uv": [ 5, 8.5, 9.5, 9.5 ], "texture": "#Body2" },
				"west": { "uv": [ 7, 8.5, 7.5, 9.5 ], "texture": "#Body2" },
				"east": { "uv": [ 8.5, 8.5, 9, 9.5 ], "texture": "#Body2" }
			}
		},
		{
			"__comment": "Box27",
			"from": [ 15, 7, 5.5 ],
			"to": [ 21, 7.5, 7 ],
			"faces": {
				"down": { "uv": [ 4.5, 9, 10.5, 10.5 ], "texture": "#Body2" },
				"up": { "uv": [ 4.5, 5.5, 10.5, 7 ], "texture": "#Body2" },
				"north": { "uv": [ 5.5, 8.5, 11.5, 9 ], "texture": "#Body2" },
				"south": { "uv": [ 4.5, 8.5, 10.5, 9 ], "texture": "#Body2" },
				"west": { "uv": [ 5.5, 8.5, 7, 9 ], "texture": "#Body2" },
				"east": { "uv": [ 9, 8.5, 10.5, 9 ], "texture": "#Body2" }
			}
		},
		{
			"__comment": "Box28",
			"from": [ 16, 6.99, 5.2 ],
			"to": [ 19.5, 7.49, 5.7 ],
			"faces": {
				"down": { "uv": [ 5.5, 10.3, 9, 10.8 ], "texture": "#Body" },
				"up": { "uv": [ 5.5, 5.2, 9, 5.7 ], "texture": "#Body" },
				"north": { "uv": [ 7, 8.51, 10.5, 9.01 ], "texture": "#Body" },
				"south": { "uv": [ 5.5, 8.51, 9, 9.01 ], "texture": "#Body" },
				"west": { "uv": [ 5.2, 8.51, 5.7, 9.01 ], "texture": "#Body" },
				"east": { "uv": [ 10.3, 8.51, 10.8, 9.01 ], "texture": "#Body" }
			}
		},
		{
			"__comment": "Box28",
			"from": [ 16, 6.93, 6.8 ],
			"to": [ 19.5, 7.43, 7.3 ],
			"faces": {
				"down": { "uv": [ 5.5, 8.7, 9, 9.2 ], "texture": "#Body" },
				"up": { "uv": [ 5.5, 6.8, 9, 7.3 ], "texture": "#Body" },
				"north": { "uv": [ 7, 8.57, 10.5, 9.07 ], "texture": "#Body" },
				"south": { "uv": [ 5.5, 8.57, 9, 9.07 ], "texture": "#Body" },
				"west": { "uv": [ 6.8, 8.57, 7.3, 9.07 ], "texture": "#Body" },
				"east": { "uv": [ 8.7, 8.57, 9.2, 9.07 ], "texture": "#Body" }
			}
		},
		{
			"__comment": "Box31",
			"from": [ 16.5, 4, 6.85 ],
			"to": [ 20.5, 6, 5.65 ],
			"rotation": { "origin": [ 16.5, 4, 6.849999 ], "axis": "z", "angle": -22.5 },
			"faces": {
				"down": { "uv": [ 6, 1, 9.5, 2 ], "texture": "#Body2" },
				"up": { "uv": [ 6, 14, 9.5, 15 ], "texture": "#Body2" },
				"north": { "uv": [ 6.5, 11.5, 10, 12.5 ], "texture": "#Body2" },
				"south": { "uv": [ 6, 11.5, 9.5, 12.5 ], "texture": "#Body2" },
				"west": { "uv": [ 14, 11.5, 15, 12.5 ], "texture": "#Body2" },
				"east": { "uv": [ 1, 11.5, 2, 12.5 ], "texture": "#Body2" }
			}
		},
		{
			"__comment": "Box33",
			"from": [ -3.5, 6.5, 5.5 ],
			"to": [ 5, 7.5, 7 ],
			"faces": {
				"down": { "uv": [ 2, 9, 10.5, 10.5 ], "texture": "#Body" },
				"up": { "uv": [ 2, 5.5, 10.5, 7 ], "texture": "#Body" },
				"north": { "uv": [ 5.5, 8.5, 14, 9.5 ], "texture": "#Body" },
				"south": { "uv": [ 2, 8.5, 10.5, 9.5 ], "texture": "#Body" },
				"west": { "uv": [ 5.5, 8.5, 7, 9.5 ], "texture": "#Body" },
				"east": { "uv": [ 9, 8.5, 10.5, 9.5 ], "texture": "#Body" }
			}
		},
		{
			"__comment": "Box33",
			"from": [ -3.5, 5.5, 5.5 ],
			"to": [ 5, 6, 7 ],
			"faces": {
				"down": { "uv": [ 2, 9, 10.5, 10.5 ], "texture": "#Body" },
				"up": { "uv": [ 2, 5.5, 10.5, 7 ], "texture": "#Body" },
				"north": { "uv": [ 5.5, 10, 14, 10.5 ], "texture": "#Body" },
				"south": { "uv": [ 2, 10, 10.5, 10.5 ], "texture": "#Body" },
				"west": { "uv": [ 5.5, 10, 7, 10.5 ], "texture": "#Body" },
				"east": { "uv": [ 9, 10, 10.5, 10.5 ], "texture": "#Body" }
			}
		},
		{
			"__comment": "Box35",
			"from": [ -5.5, 6, 5.65 ],
			"to": [ -3.5, 7, 6.85 ],
			"faces": {
				"down": { "uv": [ 0, 9.15, 2, 10.35 ], "texture": "#Body" },
				"up": { "uv": [ 0, 5.650002, 2, 6.85 ], "texture": "#Body" },
				"north": { "uv": [ 14, 9, 16, 10 ], "texture": "#Body" },
				"south": { "uv": [ 0, 9, 2, 10 ], "texture": "#Body" },
				"west": { "uv": [ 5.650001, 9, 6.85, 10 ], "texture": "#Body" },
				"east": { "uv": [ 9.15, 9, 10.35, 10 ], "texture": "#Body" }
			}
		},
		{
			"__comment": "Box36",
			"from": [ -3.5, 6, 5 ],
			"to": [ 5, 7, 7.5 ],
			"faces": {
				"down": { "uv": [ 2, 8.5, 10.5, 11 ], "texture": "#Body" },
				"up": { "uv": [ 2, 5, 10.5, 7.5 ], "texture": "#Body" },
				"north": { "uv": [ 5.5, 9, 14, 10 ], "texture": "#Body" },
				"south": { "uv": [ 2, 9, 10.5, 10 ], "texture": "#Body" },
				"west": { "uv": [ 5, 9, 7.5, 10 ], "texture": "#Body" },
				"east": { "uv": [ 8.5, 9, 11, 10 ], "texture": "#Body" }
			}
		},
		{
			"__comment": "Box37",
			"from": [ 3.5, 5.5, 5 ],
			"to": [ 4.5, 6, 5.5 ],
			"faces": {
				"down": { "uv": [ 9, 10.5, 10, 11 ], "texture": "#Body" },
				"up": { "uv": [ 9, 5, 10, 5.5 ], "texture": "#Body" },
				"north": { "uv": [ 6, 10, 7, 10.5 ], "texture": "#Body" },
				"south": { "uv": [ 9, 10, 10, 10.5 ], "texture": "#Body" },
				"west": { "uv": [ 5, 10, 5.5, 10.5 ], "texture": "#Body" },
				"east": { "uv": [ 10.5, 10, 11, 10.5 ], "texture": "#Body" }
			}
		},
		{
			"__comment": "Box37",
			"from": [ 3.5, 5.5, 7 ],
			"to": [ 4.5, 6, 7.5 ],
			"faces": {
				"down": { "uv": [ 9, 8.5, 10, 9 ], "texture": "#Body" },
				"up": { "uv": [ 9, 7, 10, 7.5 ], "texture": "#Body" },
				"north": { "uv": [ 6, 10, 7, 10.5 ], "texture": "#Body" },
				"south": { "uv": [ 9, 10, 10, 10.5 ], "texture": "#Body" },
				"west": { "uv": [ 7, 10, 7.5, 10.5 ], "texture": "#Body" },
				"east": { "uv": [ 8.5, 10, 9, 10.5 ], "texture": "#Body" }
			}
		},
		{
			"__comment": "Box45",
			"from": [ -2.5, 5, 6.85 ],
			"to": [ 5, 5.5, 5.65 ],
			"faces": {
				"down": { "uv": [ 3, 10.35, 10.5, 9.150001 ], "texture": "#Body" },
				"up": { "uv": [ 3, 6.849998, 10.5, 5.65 ], "texture": "#Body" },
				"north": { "uv": [ 5.5, 10.5, 13, 11 ], "texture": "#Body" },
				"south": { "uv": [ 3, 10.5, 10.5, 11 ], "texture": "#Body" },
				"west": { "uv": [ 6.849999, 10.5, 5.65, 11 ], "texture": "#Body" },
				"east": { "uv": [ 10.35, 10.5, 9.150001, 11 ], "texture": "#Body" }
			}
		},
		{
			"__comment": "Box38",
			"from": [ -3, 7.15, 5.8 ],
			"to": [ 11.5, 7.65, 6.8 ],
			"faces": {
				"down": { "uv": [ 2.5, 9.2, 16, 10.2 ], "texture": "#Body2" },
				"up": { "uv": [ 2.5, 5.8, 16, 6.8 ], "texture": "#Body2" },
				"north": { "uv": [ 0, 8.350001, 13.5, 8.850001 ], "texture": "#Body2" },
				"south": { "uv": [ 2.5, 8.350001, 16, 8.850001 ], "texture": "#Body2" },
				"west": { "uv": [ 5.8, 8.350001, 6.8, 8.850001 ], "texture": "#Body2" },
				"east": { "uv": [ 9.2, 8.350001, 10.2, 8.850001 ], "texture": "#Body2" }
			}
		},
		{
			"__comment": "Box40",
			"from": [ -2.85, 7.5, 5.68 ],
			"to": [ -2.1, 8, 6.88 ],
			"faces": {
				"down": { "uv": [ 2.65, 9.120001, 3.4, 10.32 ], "texture": "#Body" },
				"up": { "uv": [ 2.65, 5.679998, 3.4, 6.879999 ], "texture": "#Body" },
				"north": { "uv": [ 12.6, 8, 13.35, 8.5 ], "texture": "#Body" },
				"south": { "uv": [ 2.65, 8, 3.4, 8.5 ], "texture": "#Body" },
				"west": { "uv": [ 5.679999, 8, 6.879999, 8.5 ], "texture": "#Body" },
				"east": { "uv": [ 9.120001, 8, 10.32, 8.5 ], "texture": "#Body" }
			}
		},
		{
			"__comment": "Box40",
			"from": [ -2.5, 8, 5.75 ],
			"to": [ -2.25, 8.48, 6 ],
			"faces": {
				"down": { "uv": [ 3, 10, 3.25, 10.25 ], "texture": "#Body" },
				"up": { "uv": [ 3, 5.749999, 3.25, 5.999999 ], "texture": "#Body" },
				"north": { "uv": [ 12.75, 7.52, 13, 8 ], "texture": "#Body" },
				"south": { "uv": [ 3, 7.52, 3.25, 8 ], "texture": "#Body" },
				"west": { "uv": [ 5.749999, 7.52, 5.999999, 8 ], "texture": "#Body" },
				"east": { "uv": [ 10, 7.52, 10.25, 8 ], "texture": "#Body" }
			}
		},
		{
			"__comment": "Box40",
			"from": [ -2.5, 8, 6.55 ],
			"to": [ -2.25, 8.48, 6.8 ],
			"faces": {
				"down": { "uv": [ 3, 9.2, 3.25, 9.45 ], "texture": "#Body" },
				"up": { "uv": [ 3, 6.55, 3.25, 6.8 ], "texture": "#Body" },
				"north": { "uv": [ 12.75, 7.52, 13, 8 ], "texture": "#Body" },
				"south": { "uv": [ 3, 7.52, 3.25, 8 ], "texture": "#Body" },
				"west": { "uv": [ 6.55, 7.52, 6.8, 8 ], "texture": "#Body" },
				"east": { "uv": [ 9.2, 7.52, 9.45, 8 ], "texture": "#Body" }
			}
		},
		{
			"__comment": "Box40",
			"from": [ -2.5, 8, 6.15 ],
			"to": [ -2.25, 8.24576, 6.4 ],
			"faces": {
				"down": { "uv": [ 3, 9.6, 3.25, 9.85 ], "texture": "#Body" },
				"up": { "uv": [ 3, 6.15, 3.25, 6.4 ], "texture": "#Body" },
				"north": { "uv": [ 12.75, 7.75424, 13, 8 ], "texture": "#Body" },
				"south": { "uv": [ 3, 7.75424, 3.25, 8 ], "texture": "#Body" },
				"west": { "uv": [ 6.15, 7.75424, 6.4, 8 ], "texture": "#Body" },
				"east": { "uv": [ 9.6, 7.75424, 9.85, 8 ], "texture": "#Body" }
			}
		},
		{
			"__comment": "Box40",
			"from": [ 10.5, 7.5, 5.705 ],
			"to": [ 11.25, 8, 6.905 ],
			"faces": {
				"down": { "uv": [ 0, 9.094999, 0.75, 10.295 ], "texture": "#Body" },
				"up": { "uv": [ 0, 5.705001, 0.75, 6.905001 ], "texture": "#Body" },
				"north": { "uv": [ 15.25, 8, 16, 8.5 ], "texture": "#Body" },
				"south": { "uv": [ 0, 8, 0.75, 8.5 ], "texture": "#Body" },
				"west": { "uv": [ 5.705001, 8, 6.905001, 8.5 ], "texture": "#Body" },
				"east": { "uv": [ 9.094999, 8, 10.295, 8.5 ], "texture": "#Body" }
			}
		},
		{
			"__comment": "Box47",
			"from": [ 12, 2, 5.35 ],
			"to": [ 13.5, 5, 7.15 ],
			"rotation": { "origin": [ 12, 2, 5.35 ], "axis": "z", "angle": 22.5 },
			"faces": {
				"down": { "uv": [ 13.5, 1, 15, 2 ], "texture": "#Body" },
				"up": { "uv": [ 13.5, 14, 15, 15 ], "texture": "#Body" },
				"north": { "uv": [ 1, 14, 2.5, 16 ], "texture": "#Body" },
				"south": { "uv": [ 13.5, 14, 15, 16 ], "texture": "#Body" },
				"west": { "uv": [ 14, 14, 15, 16 ], "texture": "#Body" },
				"east": { "uv": [ 1, 14, 2, 16 ], "texture": "#Body" }
			}
		},
		{
			"__comment": "Box48",
			"from": [ 5.5, 1, 5.75 ],
			"to": [ 8, 4.5, 6.75 ],
			"faces": {
				"down": { "uv": [ 0, 15, 16, 16 ], "texture": "#Mag" },
				"up": { "uv": [ 0, 0, 16, 1 ], "texture": "#Mag" },
				"north": { "uv": [ 0, 0, 16, 16 ], "texture": "#Mag" },
				"south": { "uv": [ 0, 0, 16, 16 ], "texture": "#Mag" },
				"west": { "uv": [ 15, 0, 16, 16 ], "texture": "#Mag" },
				"east": { "uv": [ 15, 0, 16, 16 ], "texture": "#Mag" }
			}
		},
		{
			"__comment": "Box48",
			"from": [ 5, 0.5, 5.8 ],
			"to": [ 7.5, 2.5, 6.699998 ],
			"rotation": { "origin": [ 5, 0.5, 5.8 ], "axis": "z", "angle": -22.5 },
			"faces": {
				"down": { "uv": [ 0, 15, 16, 16 ], "texture": "#Mag" },
				"up": { "uv": [ 0, 0, 16, 1 ], "texture": "#Mag" },
				"north": { "uv": [ 0, 0, 16, 16 ], "texture": "#Mag" },
				"south": { "uv": [ 0, 0, 16, 16 ], "texture": "#Mag" },
				"west": { "uv": [ 15, 0, 16, 16 ], "texture": "#Mag" },
				"east": { "uv": [ 0, 0, 1, 16 ], "texture": "#Mag" }
			}
		},
		{
			"__comment": "Box50",
			"from": [ 5.9, 7.5, 5.5 ],
			"to": [ 8.9, 8, 7 ],
			"faces": {
				"down": { "uv": [ 11.4, 9, 14.4, 10.5 ], "texture": "#Body" },
				"up": { "uv": [ 11.4, 5.5, 14.4, 7 ], "texture": "#Body" },
				"north": { "uv": [ 1.6, 8, 4.6, 8.5 ], "texture": "#Body" },
				"south": { "uv": [ 11.4, 8, 14.4, 8.5 ], "texture": "#Body" },
				"west": { "uv": [ 5.5, 8, 7, 8.5 ], "texture": "#Body" },
				"east": { "uv": [ 9, 8, 10.5, 8.5 ], "texture": "#Body" }
			}
		},
		{
			"__comment": "Box53",
			"from": [ 9.3, 8.5, 5.745 ],
			"to": [ 9.301001, 9.5, 6.745 ],
			"faces": {
				"down": { "uv": [ 2, 1, 2, 2 ], "texture": "#Acog" },
				"up": { "uv": [ 14, 1, 14, 2 ], "texture": "#Acog" },
				"north": { "uv": [ 1, 0.5, 1, 1.5 ], "texture": "#Acog" },
				"south": { "uv": [ 0, 0, 2, 3.5 ], "texture": "#Acog" },
				"west": { "uv": [ 0, 0, 16, 16 ], "texture": "#Acog" },
				"east": { "uv": [ 0, 0, 16, 16 ], "texture": "#Acog" }
			}
		},
		{
			"__comment": "Box50",
			"from": [ 7, 8, 5.5 ],
			"to": [ 9.5, 8.5, 7 ],
			"faces": {
				"down": { "uv": [ 12.5, 9, 15, 10.5 ], "texture": "#Body" },
				"up": { "uv": [ 12.5, 5.5, 15, 7 ], "texture": "#Body" },
				"north": { "uv": [ 1, 7.5, 3.5, 8 ], "texture": "#Body" },
				"south": { "uv": [ 12.5, 7.5, 15, 8 ], "texture": "#Body" },
				"west": { "uv": [ 5.5, 7.5, 7, 8 ], "texture": "#Body" },
				"east": { "uv": [ 9, 7.5, 10.5, 8 ], "texture": "#Body" }
			}
		},
		{
			"__comment": "Box50",
			"from": [ 7, 8.5, 5.5 ],
			"to": [ 10, 9.345, 5.82 ],
			"faces": {
				"down": { "uv": [ 12.5, 10.18, 15.5, 10.5 ], "texture": "#Body" },
				"up": { "uv": [ 12.5, 5.5, 15.5, 5.82 ], "texture": "#Body" },
				"north": { "uv": [ 0.5, 6.655001, 3.5, 7.5 ], "texture": "#Body" },
				"south": { "uv": [ 12.5, 6.655001, 15.5, 7.5 ], "texture": "#Body" },
				"west": { "uv": [ 5.5, 6.655001, 5.82, 7.5 ], "texture": "#Body" },
				"east": { "uv": [ 10.18, 6.655001, 10.5, 7.5 ], "texture": "#Body" }
			}
		},
		{
			"__comment": "Box50",
			"from": [ 7, 8.5, 6.69 ],
			"to": [ 10, 9.345, 7.01 ],
			"faces": {
				"down": { "uv": [ 12.5, 8.99, 15.5, 9.309999 ], "texture": "#Body" },
				"up": { "uv": [ 12.5, 6.690001, 15.5, 7.01 ], "texture": "#Body" },
				"north": { "uv": [ 0.5, 6.655001, 3.5, 7.5 ], "texture": "#Body" },
				"south": { "uv": [ 12.5, 6.655001, 15.5, 7.5 ], "texture": "#Body" },
				"west": { "uv": [ 6.69, 6.655001, 7.01, 7.5 ], "texture": "#Body" },
				"east": { "uv": [ 8.99, 6.655001, 9.309999, 7.5 ], "texture": "#Body" }
			}
		},
		{
			"__comment": "Box50",
			"from": [ 6.1, 9.3, 5.5 ],
			"to": [ 9.949999, 9.650001, 7 ],
			"faces": {
				"down": { "uv": [ 11.6, 9, 15.45, 10.5 ], "texture": "#Body" },
				"up": { "uv": [ 11.6, 5.5, 15.45, 7 ], "texture": "#Body" },
				"north": { "uv": [ 0.5499995, 6.35, 4.4, 6.700001 ], "texture": "#Body" },
				"south": { "uv": [ 11.6, 6.35, 15.45, 6.700001 ], "texture": "#Body" },
				"west": { "uv": [ 5.5, 6.35, 7, 6.700001 ], "texture": "#Body" },
				"east": { "uv": [ 9, 6.35, 10.5, 6.700001 ], "texture": "#Body" }
			}
		},
		{
			"__comment": "Box53",
			"from": [ 6.5, 9.5, 6 ],
			"to": [ 9, 10, 6.5 ],
			"faces": {
				"down": { "uv": [ 12, 1, 14.5, 2 ], "texture": "#Red" },
				"up": { "uv": [ 12, 14, 14.5, 15 ], "texture": "#Red" },
				"north": { "uv": [ 1.5, 6, 4, 6.5 ], "texture": "#Red" },
				"south": { "uv": [ 12, 6, 14.5, 6.5 ], "texture": "#Red" },
				"west": { "uv": [ 14, 6, 15, 6.5 ], "texture": "#Red" },
				"east": { "uv": [ 1, 6, 2, 6.5 ], "texture": "#Red" }
			}
		},
		{
			"__comment": "Box54",
			"from": [ 6.5, 7.8, 5.7 ],
			"to": [ 7.5, 8.299999, 6.7 ],
			"faces": {
				"down": { "uv": [ 12, 9.299999, 13, 10.3 ], "texture": "#Body" },
				"up": { "uv": [ 12, 5.700001, 13, 6.700001 ], "texture": "#Body" },
				"north": { "uv": [ 3, 7.7, 4, 8.2 ], "texture": "#Body" },
				"south": { "uv": [ 12, 7.7, 13, 8.2 ], "texture": "#Body" },
				"west": { "uv": [ 5.7, 7.7, 6.7, 8.2 ], "texture": "#Body" },
				"east": { "uv": [ 9.299999, 7.7, 10.3, 8.2 ], "texture": "#Body" }
			}
		},
		{
			"__comment": "Box50",
			"from": [ 7.05, 8.5, 7 ],
			"to": [ 9.549999, 9.5, 7.25 ],
			"faces": {
				"down": { "uv": [ 12.55, 8.75, 15.05, 9 ], "texture": "#Body" },
				"up": { "uv": [ 12.55, 7, 15.05, 7.25 ], "texture": "#Body" },
				"north": { "uv": [ 0.9499998, 6.5, 3.45, 7.5 ], "texture": "#Body" },
				"south": { "uv": [ 12.55, 6.5, 15.05, 7.5 ], "texture": "#Body" },
				"west": { "uv": [ 7, 6.5, 7.25, 7.5 ], "texture": "#Body" },
				"east": { "uv": [ 8.75, 6.5, 9, 7.5 ], "texture": "#Body" }
			}
		},
		{
			"__comment": "Box50",
			"from": [ 7.05, 8.5, 5.3 ],
			"to": [ 9.549999, 9.5, 5.55 ],
			"faces": {
				"down": { "uv": [ 12.5, 10.45, 15, 10.7 ], "texture": "#Body" },
				"up": { "uv": [ 12.5, 5.3, 15, 5.55 ], "texture": "#Body" },
				"north": { "uv": [ 1, 6.5, 3.5, 7.5 ], "texture": "#Body" },
				"south": { "uv": [ 12.5, 6.5, 15, 7.5 ], "texture": "#Body" },
				"west": { "uv": [ 5.3, 6.5, 5.55, 7.5 ], "texture": "#Body" },
				"east": { "uv": [ 10.45, 6.5, 10.7, 7.5 ], "texture": "#Body" }
			}
		}
	],
	"display": {
		"thirdperson_righthand": {
			"rotation":  [ 0, -90, 0 ],
			"translation":  [ -1.391, 2.0869, -4.868 ],
			"scale":  [ 0.8, 0.8, 0.8 ]
		},
		"thirdperson_lefthand": {
			"rotation":  [ 0, 90, 0 ],
			"translation":  [ 1.391, 2.0869, -4.868 ],
			"scale":  [ 0.8, 0.8, 0.8 ]
		},
		"firstperson_righthand": {
			"rotation":  [ 0, -95, 0 ],
			"translation":  [ -4.86, 6.9565, 2.0878 ]
		},
		"firstperson_lefthand": {
			"rotation":  [ 0, 90, 0 ],
			"translation":  [ -0.869, 6.9565, 2.0878 ]
		},
		"gui": {
			"rotation":  [ 0, -34, -34 ],
			"translation":  [ -2.086, 2.7826, 0 ],
			"scale":  [ 0.6, 0.6, 0.6 ]
		},
		"ground": {
			"rotation":  [ 90, 0, 0 ],
			"translation":  [ -6.26, -4.869, 0.6956 ]
		},
		"fixed": {
			"translation":  [ -5.565, 0.6956, 0 ]
		}
	}
}