{
	"credit": "Made with Blockbench",
	"textures": {
		"0": "block/extra/modeltexture/iron_3",
		"4": "block/extra/modeltexture/woodx64_1",
		"5": "block/extra/modeltexture/gun_details_1",
		"6": "block/extra/modeltexture/iron_2",
		"7": "block/extra/modeltexture/magazine_1",
		"particle": "block/extra/modeltexture/woodx64_1"
	},
	"elements": [
		{
			"name": "butt",
			"from": [7, 8, -7.25],
			"to": [9, 9.3, -0.85],
			"rotation": {"angle": -22.5, "axis": "x", "origin": [8, 8, 5.5]},
			"faces": {
				"north": {"uv": [6, 12, 9.226, 14.476], "rotation": 90, "texture": "#4"},
				"east": {"uv": [0, 10.75, 6.4, 12.049], "texture": "#4"},
				"south": {"uv": [7, 8.5, 10.499, 11.299], "rotation": 180, "texture": "#4"},
				"west": {"uv": [0, 10.75, 6.4, 12.049], "texture": "#4"},
				"up": {"uv": [2, 7, 10.728, 9.978], "rotation": 90, "texture": "#4"},
				"down": {"uv": [3, 11.5, 9.4, 13.5], "rotation": 90, "texture": "#4"}
			}
		},
		{
			"name": "butt",
			"from": [7.02, 4.52, -7.28],
			"to": [8.98, 7.58, -3.42],
			"rotation": {"angle": 0, "axis": "y", "origin": [8, 8, 5.5]},
			"faces": {
				"north": {"uv": [3.5, 12, 6.56, 13.96], "rotation": 90, "texture": "#4"},
				"east": {"uv": [5.5, 7.5, 9.36, 10.56], "rotation": 180, "texture": "#4"},
				"south": {"uv": [0, 0, 2, 3.1], "texture": "#0"},
				"west": {"uv": [5.5, 7.5, 9.36, 10.56], "rotation": 180, "texture": "#4"},
				"up": {"uv": [2, 7, 5.86, 8.96], "rotation": 90, "texture": "#4"}
			}
		},
		{
			"name": "butt",
			"from": [7.02, 1.10799, 0.61764],
			"to": [8.98, 2.80799, 2.01764],
			"rotation": {"angle": 45, "axis": "x", "origin": [8, 7.98799, 5.51764]},
			"faces": {
				"east": {"uv": [12, 9, 13.4, 10.7], "rotation": 180, "texture": "#4"},
				"south": {"uv": [0, 0, 2, 1.4], "texture": "#0"},
				"west": {"uv": [12, 9, 13.4, 10.7], "rotation": 180, "texture": "#4"},
				"up": {"uv": [2.5, 7, 3.9, 8.96], "rotation": 90, "texture": "#4"}
			}
		},
		{
			"name": "butt",
			"from": [7.01, 7.86, -0.84],
			"to": [8.99, 9.14, 2.39],
			"rotation": {"angle": -22.5, "axis": "x", "origin": [8, 7.75, 5]},
			"faces": {
				"east": {"uv": [9, 10, 12.23, 11.28], "texture": "#4"},
				"west": {"uv": [9, 10, 12.23, 11.28], "texture": "#4"},
				"up": {"uv": [2, 7, 5.23, 8.98], "rotation": 90, "texture": "#4"},
				"down": {"uv": [2.5, 12, 5.73, 13.98], "rotation": 90, "texture": "#4"}
			}
		},
		{
			"name": "butt",
			"from": [7.025, 7.84817, -7.75305],
			"to": [8.975, 9.49817, -6.35305],
			"rotation": {"angle": -22.5, "axis": "x", "origin": [8.025, 8.19817, 4.99695]},
			"faces": {
				"north": {"uv": [6, 12, 7.65, 13.95], "rotation": 90, "texture": "#4"},
				"east": {"uv": [12, 9, 13.65, 10.4], "rotation": 270, "texture": "#4"},
				"south": {"uv": [0, 0, 2, 1.3], "texture": "#0"},
				"west": {"uv": [12, 9, 13.65, 10.4], "rotation": 90, "texture": "#4"},
				"down": {"uv": [5.5, 12.5, 8.899, 14.949], "rotation": 90, "texture": "#4"}
			}
		},
		{
			"name": "butt",
			"from": [7.01, 5.61, -4.39],
			"to": [8.99, 7.79, -1.61],
			"rotation": {"angle": 0, "axis": "y", "origin": [8, 8, 5.5]},
			"faces": {
				"north": {"uv": [2, 7, 7.729, 9.979], "rotation": 90, "texture": "#4"},
				"east": {"uv": [6.5, 8.5, 9.28, 10.68], "rotation": 180, "texture": "#4"},
				"south": {"uv": [0, 0, 2, 2.2], "texture": "#0"},
				"west": {"uv": [6.5, 8.5, 9.28, 10.68], "rotation": 180, "texture": "#4"},
				"up": {"uv": [2, 7, 4.78, 8.98], "rotation": 90, "texture": "#4"}
			}
		},
		{
			"name": "barrel",
			"from": [7.6, 5.9, 21.9],
			"to": [8.15, 6.4, 26],
			"faces": {
				"north": {"uv": [4.5, 5.5, 5.05, 6], "rotation": 180, "texture": "#6"},
				"east": {"uv": [4.5, 5.5, 4.999, 9.099], "rotation": 90, "texture": "#6"},
				"south": {"uv": [4.5, 5.5, 5.05, 6], "rotation": 180, "texture": "#6"},
				"west": {"uv": [4.5, 5.5, 4.999, 9.099], "rotation": 90, "texture": "#6"},
				"down": {"uv": [4.5, 5.5, 4.999, 9.099], "rotation": 180, "texture": "#6"}
			}
		},
		{
			"name": "barrel",
			"from": [7.7, 6.9, 11.5],
			"to": [8.3, 7.5, 26.5],
			"faces": {
				"north": {"uv": [0, 0, 0.6, 0.6], "texture": "#0"},
				"east": {"uv": [0, 0, 12, 0.6], "texture": "#0"},
				"south": {"uv": [0, 0, 0.6, 0.6], "texture": "#0"},
				"west": {"uv": [0, 0, 15, 0.6], "texture": "#0"},
				"up": {"uv": [0, 0, 0.6, 12], "texture": "#0"},
				"down": {"uv": [0, 0, 0.6, 12], "texture": "#0"}
			}
		},
		{
			"name": "barrel",
			"from": [7.05, 6.35, 14.55],
			"to": [8.95, 8.35, 27.05],
			"rotation": {"angle": 0, "axis": "y", "origin": [8, 8.75, 8]},
			"faces": {
				"north": {"uv": [0, 0, 2, 1.8], "texture": "#0"},
				"east": {"uv": [10.4, 1.75, 0, 3.749], "texture": "#0"},
				"south": {"uv": [7.999, 1.75, 10.398, 3.998], "texture": "#0"},
				"west": {"uv": [0, 1.75, 10.4, 3.749], "texture": "#0"},
				"up": {"uv": [0, 0.75, 10.4, 2.65], "rotation": 90, "texture": "#0"},
				"down": {"uv": [0, 0.75, 10.4, 2.65], "rotation": 90, "texture": "#0"}
			}
		},
		{
			"name": "barrel",
			"from": [7.25, 6.55, 27.05],
			"to": [8.75, 8.15, 28],
			"rotation": {"angle": 0, "axis": "y", "origin": [8, 8.75, 12.25]},
			"faces": {
				"east": {"uv": [10.398, 1.75, 9.5, 3.498], "texture": "#0"},
				"south": {"uv": [7.999, 1.75, 10.398, 3.998], "texture": "#0"},
				"west": {"uv": [10.398, 1.75, 9.5, 3.498], "texture": "#0"},
				"up": {"uv": [10.398, 1.75, 9.5, 3.498], "rotation": 90, "texture": "#0"},
				"down": {"uv": [10.398, 1.75, 9.5, 3.498], "rotation": 90, "texture": "#0"}
			}
		},
		{
			"name": "barrel",
			"from": [6.95, 6.25, 26.05],
			"to": [9.05, 8.45, 26.65],
			"rotation": {"angle": 0, "axis": "y", "origin": [8, 8.75, 7.75]},
			"faces": {
				"north": {"uv": [10, 5.5, 10.748, 8.499], "texture": "#5"},
				"east": {"uv": [10, 5.5, 10.748, 8.499], "texture": "#5"},
				"south": {"uv": [10, 5.5, 10.748, 8.499], "texture": "#5"},
				"west": {"uv": [10, 5.5, 10.748, 8.499], "texture": "#5"},
				"up": {"uv": [10, 5.5, 10.748, 8.499], "rotation": 270, "texture": "#5"},
				"down": {"uv": [10, 5.5, 10.748, 8.499], "rotation": 270, "texture": "#5"}
			}
		},
		{
			"name": "barrel",
			"from": [6.95, 6.25, 24.7],
			"to": [9.05, 8.45, 25.3],
			"rotation": {"angle": 0, "axis": "y", "origin": [8, 8.75, 6.4]},
			"faces": {
				"north": {"uv": [10, 5.5, 10.748, 8.499], "texture": "#5"},
				"east": {"uv": [10, 5.5, 10.748, 8.499], "texture": "#5"},
				"south": {"uv": [10, 5.5, 10.748, 8.499], "texture": "#5"},
				"west": {"uv": [10, 5.5, 10.748, 8.499], "texture": "#5"},
				"up": {"uv": [10, 5.5, 10.748, 8.499], "rotation": 270, "texture": "#5"},
				"down": {"uv": [10, 5.5, 10.748, 8.499], "rotation": 270, "texture": "#5"}
			}
		},
		{
			"name": "barrel",
			"from": [7.35, 6.65, 27.8],
			"to": [8.65, 8.05, 31.05],
			"rotation": {"angle": 0, "axis": "y", "origin": [8, 8.75, 12.25]},
			"faces": {
				"east": {"uv": [10.398, 1.75, 5.75, 3.497], "texture": "#0"},
				"south": {"uv": [5.75, 3, 8.05, 5.15], "texture": "#5"},
				"west": {"uv": [10.398, 1.75, 5.75, 3.497], "texture": "#0"},
				"up": {"uv": [10.398, 1.75, 5.75, 3.497], "rotation": 90, "texture": "#0"},
				"down": {"uv": [10.398, 1.75, 5.75, 3.497], "rotation": 90, "texture": "#0"}
			}
		},
		{
			"name": "bipod",
			"from": [6.65, -1.30717, 24.9],
			"to": [6.85, -0.00717, 25.2],
			"rotation": {"angle": -22.5, "axis": "z", "origin": [7.25, 3.39283, 25.05]},
			"faces": {
				"north": {"uv": [15.25, 15.948, 15.85, 14.5], "texture": "#0"},
				"east": {"uv": [15.25, 15.948, 15.85, 14.5], "texture": "#0"},
				"south": {"uv": [15.25, 15.948, 15.85, 14.5], "texture": "#0"},
				"west": {"uv": [15.25, 15.948, 15.85, 14.5], "texture": "#0"},
				"down": {"uv": [15.25, 15.947, 15.85, 15.25], "texture": "#0"}
			}
		},
		{
			"name": "bipod",
			"from": [9.15, -1.30717, 24.9],
			"to": [9.35, -0.00717, 25.2],
			"rotation": {"angle": 22.5, "axis": "z", "origin": [8.75, 3.39283, 25.05]},
			"faces": {
				"north": {"uv": [15.85, 15.948, 15.25, 14.5], "texture": "#0"},
				"east": {"uv": [15.85, 15.948, 15.25, 14.5], "texture": "#0"},
				"south": {"uv": [15.85, 15.948, 15.25, 14.5], "texture": "#0"},
				"west": {"uv": [15.85, 15.948, 15.25, 14.5], "texture": "#0"},
				"down": {"uv": [15.85, 15.947, 15.25, 15.25], "texture": "#0"}
			}
		},
		{
			"name": "bipod",
			"from": [6.45, -0.00717, 24.7],
			"to": [7.05, 6.19283, 25.4],
			"rotation": {"angle": -22.5, "axis": "z", "origin": [7.25, 3.39283, 25.05]},
			"faces": {
				"north": {"uv": [0, 6.5, 6.199, 7.349], "rotation": 90, "texture": "#6"},
				"east": {"uv": [0, 6.5, 6.199, 7.349], "rotation": 90, "texture": "#6"},
				"south": {"uv": [0, 6.5, 6.199, 7.349], "rotation": 90, "texture": "#6"},
				"west": {"uv": [0, 6.5, 6.199, 7.349], "rotation": 90, "texture": "#6"}
			}
		},
		{
			"name": "bipod",
			"from": [8.95, -0.00717, 24.7],
			"to": [9.55, 6.19283, 25.4],
			"rotation": {"angle": 22.5, "axis": "z", "origin": [8.75, 3.39283, 25.05]},
			"faces": {
				"north": {"uv": [0, 6.5, 6.199, 7.349], "rotation": 90, "texture": "#6"},
				"east": {"uv": [0, 6.5, 6.199, 7.349], "rotation": 90, "texture": "#6"},
				"south": {"uv": [0, 6.5, 6.199, 7.349], "rotation": 90, "texture": "#6"},
				"west": {"uv": [0, 6.5, 6.199, 7.349], "rotation": 90, "texture": "#6"}
			}
		},
		{
			"name": "bipod",
			"from": [10.04155, 0.29731, 24.125],
			"to": [10.94155, 0.59731, 25.975],
			"rotation": {"angle": 0, "axis": "y", "origin": [10.49155, 0.44731, 25.05]},
			"faces": {
				"north": {"uv": [14, 15.25, 15.85, 15.899], "texture": "#0"},
				"east": {"uv": [14, 15.25, 15.85, 15.899], "texture": "#0"},
				"south": {"uv": [14, 15.25, 15.85, 15.899], "texture": "#0"},
				"west": {"uv": [14, 15.25, 15.85, 15.899], "texture": "#0"},
				"up": {"uv": [14, 15, 15.85, 15.9], "rotation": 90, "texture": "#0"},
				"down": {"uv": [14, 15, 15.85, 15.9], "rotation": 270, "texture": "#0"}
			}
		},
		{
			"name": "bipod",
			"from": [5.04155, 0.29731, 24.125],
			"to": [5.94155, 0.59731, 25.975],
			"rotation": {"angle": 0, "axis": "y", "origin": [5.49155, 0.44731, 25.05]},
			"faces": {
				"north": {"uv": [14, 15.25, 15.85, 15.899], "texture": "#0"},
				"east": {"uv": [14, 15.25, 15.85, 15.899], "texture": "#0"},
				"south": {"uv": [14, 15.25, 15.85, 15.899], "texture": "#0"},
				"west": {"uv": [14, 15.25, 15.85, 15.899], "texture": "#0"},
				"up": {"uv": [14, 15, 15.85, 15.9], "rotation": 90, "texture": "#0"},
				"down": {"uv": [14, 15, 15.85, 15.9], "rotation": 270, "texture": "#0"}
			}
		},
		{
			"name": "body",
			"from": [7, 6.6, 2],
			"to": [9, 8.4, 9.9],
			"faces": {
				"north": {"uv": [1.649, 6.25, 0, 8.049], "rotation": 90, "texture": "#0"},
				"east": {"uv": [0, 10, 8.15, 11.799], "texture": "#0"},
				"south": {"uv": [1.649, 6.25, 0, 8.049], "rotation": 90, "texture": "#0"},
				"west": {"uv": [8.15, 10, 0, 11.799], "texture": "#0"},
				"up": {"uv": [8.15, 6.25, 0, 8.049], "rotation": 90, "texture": "#0"},
				"down": {"uv": [8.15, 6.25, 0, 8.049], "rotation": 90, "texture": "#0"}
			}
		},
		{
			"name": "body",
			"from": [7.1, 2.6, 3.35],
			"to": [8.9, 7.15, 5],
			"rotation": {"angle": 22.5, "axis": "x", "origin": [8, 4.875, 4.175]},
			"faces": {
				"north": {"uv": [2.5, 6, 4.3, 10.55], "texture": "#4"},
				"east": {"uv": [2.5, 6, 4.15, 10.55], "texture": "#4"},
				"south": {"uv": [2.5, 6, 4.3, 10.55], "texture": "#4"},
				"west": {"uv": [2.5, 6, 4.15, 10.55], "texture": "#4"},
				"down": {"uv": [12.5, 12.5, 14.3, 14.15], "texture": "#4"}
			}
		},
		{
			"name": "body",
			"from": [7.1, 6.6, 9.9],
			"to": [8.9, 8, 16.4],
			"faces": {
				"north": {"uv": [0, 0, 2, 1.4], "texture": "#0"},
				"east": {"uv": [6.5, 0.5, 0, 1.899], "texture": "#0"},
				"west": {"uv": [0, 0.5, 6.5, 1.899], "texture": "#0"},
				"down": {"uv": [0, 0.75, 7.9, 2.65], "rotation": 90, "texture": "#0"}
			}
		},
		{
			"name": "frame",
			"from": [7.25, 5.2, 8.15],
			"to": [8.75, 6.6, 9.7],
			"rotation": {"angle": 0, "axis": "y", "origin": [8, 6.6, 6.25]},
			"faces": {
				"north": {"uv": [6.75, 8.5, 9.248, 10.898], "texture": "#0"},
				"east": {"uv": [0, 0, 2.548, 2.65], "texture": "#5"},
				"south": {"uv": [6.75, 8.5, 9.248, 10.898], "texture": "#0"},
				"west": {"uv": [0, 0, 2.548, 2.65], "texture": "#5"},
				"down": {"uv": [6.25, 7.999, 8.747, 10.397], "texture": "#0"}
			}
		},
		{
			"name": "frame",
			"from": [7.25, 5.95, 10.3],
			"to": [8.75, 6.6, 10.95],
			"rotation": {"angle": 0, "axis": "y", "origin": [8, 6.6, 8.5]},
			"faces": {
				"north": {"uv": [7, 4.5, 10.65, 5.9], "texture": "#0"},
				"east": {"uv": [7, 4.5, 8.4, 5.9], "texture": "#0"},
				"south": {"uv": [7, 4.5, 10.65, 5.9], "texture": "#0"},
				"west": {"uv": [7, 4.5, 8.4, 5.9], "texture": "#0"},
				"down": {"uv": [0, 0, 1.5, 0.65], "texture": "#0"}
			}
		},
		{
			"name": "handgrip",
			"from": [9.65, 7.35, 15],
			"to": [10.15, 9.35, 17.75],
			"rotation": {"angle": 45, "axis": "z", "origin": [9.95362, 7.61045, 16.37103]},
			"faces": {
				"north": {"uv": [10, 5.5, 10.748, 8.499], "texture": "#5"},
				"east": {"uv": [5.75, 5.5, 10.749, 8.499], "texture": "#5"},
				"south": {"uv": [10, 5.5, 10.748, 8.499], "texture": "#5"},
				"west": {"uv": [5.75, 5.5, 10.749, 8.499], "texture": "#5"},
				"up": {"uv": [10, 5.5, 10.748, 8.499], "texture": "#5"}
			}
		},
		{
			"name": "handgrip",
			"from": [8.3, 8.35, 16.15],
			"to": [9.2, 9.1, 16.55],
			"rotation": {"angle": 0, "axis": "y", "origin": [8, 8.75, 5.75]},
			"faces": {
				"north": {"uv": [0.8, 0, 0, 0.8], "texture": "#0"},
				"east": {"uv": [0.4, 0, 0, 0.75], "texture": "#0"},
				"south": {"uv": [0.8, 0, 0, 0.8], "texture": "#0"},
				"up": {"uv": [0, 0, 0.4, 0.9], "rotation": 90, "texture": "#0"},
				"down": {"uv": [0, 0, 0.9, 0.4], "texture": "#0"}
			}
		},
		{
			"name": "handgrip",
			"from": [7.55, 8.35, 15.65],
			"to": [8.45, 9.35, 17.05],
			"rotation": {"angle": 0, "axis": "y", "origin": [8, 8.75, 5.75]},
			"faces": {
				"north": {"uv": [0, 0, 1.4, 1], "texture": "#0"},
				"east": {"uv": [0, 0, 1.4, 1], "texture": "#0"},
				"south": {"uv": [0, 0, 1.4, 1], "texture": "#0"},
				"west": {"uv": [0, 0, 1.4, 1], "texture": "#0"},
				"up": {"uv": [0, 0, 1.4, 0.9], "rotation": 90, "texture": "#0"}
			}
		},
		{
			"name": "handgrip",
			"from": [9.47026, 6.45, 14.8],
			"to": [10.47026, 7.35, 17.95],
			"rotation": {"angle": 45, "axis": "z", "origin": [9.95362, 7.61045, 16.37103]},
			"faces": {
				"north": {"uv": [4, 10.5, 5, 11.4], "rotation": 180, "texture": "#4"},
				"east": {"uv": [4.5, 10.5, 7.65, 11.4], "rotation": 180, "texture": "#4"},
				"south": {"uv": [5, 10.5, 6, 11.4], "rotation": 180, "texture": "#4"},
				"west": {"uv": [4.5, 10.5, 7.65, 11.4], "rotation": 180, "texture": "#4"},
				"up": {"uv": [4.5, 12.5, 7.65, 13.5], "rotation": 90, "texture": "#4"},
				"down": {"uv": [4.5, 9, 7.65, 10], "rotation": 90, "texture": "#4"}
			}
		},
		{
			"name": "magazine",
			"from": [6.6, 10.25, 10.56036],
			"to": [9.4, 10.5, 10.96036],
			"rotation": {"angle": 45, "axis": "y", "origin": [8, 10.375, 10.76036]},
			"faces": {
				"north": {"uv": [6.25, 6, 9.05, 6.25], "texture": "#0"},
				"east": {"uv": [10, 6, 10.4, 6.25], "texture": "#0"},
				"south": {"uv": [6.25, 6, 9.05, 6.25], "texture": "#0"},
				"west": {"uv": [10, 6, 10.4, 6.25], "texture": "#0"},
				"up": {"uv": [10, 5.5, 10.4, 8.3], "rotation": 90, "texture": "#0"},
				"down": {"uv": [0, 0, 0.4, 2.8], "rotation": 270, "texture": "#0"}
			}
		},
		{
			"name": "magazine",
			"from": [6.4, 9.25, 10.56036],
			"to": [6.6, 10.5, 10.96036],
			"rotation": {"angle": 45, "axis": "y", "origin": [8, 9.875, 10.76036]},
			"faces": {
				"north": {"uv": [6.25, 6, 6.45, 7.25], "texture": "#0"},
				"east": {"uv": [10, 6, 10.4, 7.25], "texture": "#0"},
				"south": {"uv": [6.25, 6, 6.45, 7.25], "texture": "#0"},
				"west": {"uv": [10, 6, 10.4, 7.25], "texture": "#0"},
				"up": {"uv": [10, 5.5, 10.4, 5.7], "rotation": 90, "texture": "#0"}
			}
		},
		{
			"name": "magazine",
			"from": [4.275, 7.72, 9.175],
			"to": [11.725, 9.74, 12.275],
			"rotation": {"angle": 0, "axis": "y", "origin": [8, 8.5, 10.725]},
			"faces": {
				"north": {"uv": [10, 0, 15.948, 15.999], "rotation": 90, "texture": "#7"},
				"east": {"uv": [0, 0, 5.947, 6.498], "texture": "#7"},
				"south": {"uv": [10, 0, 15.948, 15.999], "rotation": 90, "texture": "#7"},
				"west": {"uv": [0, 0, 5.947, 6.498], "texture": "#7"},
				"up": {"uv": [10, 0, 15.948, 15.999], "rotation": 90, "texture": "#7"},
				"down": {"uv": [10, 0, 15.948, 15.999], "rotation": 90, "texture": "#7"}
			}
		},
		{
			"name": "magazine",
			"from": [6.45, 7.74, 7],
			"to": [9.55, 9.72, 14.45],
			"rotation": {"angle": -45, "axis": "y", "origin": [8, 8.5, 10.725]},
			"faces": {
				"north": {"uv": [0, 0, 5.947, 6.498], "texture": "#7"},
				"east": {"uv": [10, 0, 15.948, 15.999], "rotation": 90, "texture": "#7"},
				"south": {"uv": [0, 0, 5.947, 6.498], "texture": "#7"},
				"west": {"uv": [10, 0, 15.948, 15.999], "rotation": 90, "texture": "#7"},
				"up": {"uv": [10, 0, 15.948, 15.999], "texture": "#7"},
				"down": {"uv": [10, 0, 15.948, 15.999], "rotation": 90, "texture": "#7"}
			}
		},
		{
			"name": "magazine",
			"from": [9.4, 9.25, 10.56036],
			"to": [9.6, 10.5, 10.96036],
			"rotation": {"angle": 45, "axis": "y", "origin": [8, 9.875, 10.76036]},
			"faces": {
				"north": {"uv": [6.25, 6, 6.45, 7.25], "texture": "#0"},
				"east": {"uv": [10, 6, 10.4, 7.25], "texture": "#0"},
				"south": {"uv": [6.25, 6, 6.45, 7.25], "texture": "#0"},
				"west": {"uv": [10, 6, 10.4, 7.25], "texture": "#0"},
				"up": {"uv": [10, 5.5, 10.4, 5.7], "rotation": 90, "texture": "#0"}
			}
		},
		{
			"name": "magazine",
			"from": [4.275, 7.74, 9.175],
			"to": [11.725, 9.7, 12.275],
			"rotation": {"angle": -45, "axis": "y", "origin": [8, 8.5, 10.725]},
			"faces": {
				"north": {"uv": [10, 0, 15.948, 15.999], "rotation": 90, "texture": "#7"},
				"east": {"uv": [0, 0, 5.947, 6.498], "texture": "#7"},
				"south": {"uv": [10, 0, 15.948, 15.999], "rotation": 90, "texture": "#7"},
				"west": {"uv": [0, 0, 5.947, 6.498], "texture": "#7"},
				"up": {"uv": [10, 0, 15.948, 15.999], "rotation": 90, "texture": "#7"},
				"down": {"uv": [10, 0, 15.948, 15.999], "rotation": 90, "texture": "#7"}
			}
		},
		{
			"name": "magazine",
			"from": [6.45, 7.73, 7],
			"to": [9.55, 9.73, 14.45],
			"rotation": {"angle": 0, "axis": "y", "origin": [8.45, 8.5, 10]},
			"faces": {
				"north": {"uv": [0, 0, 5.947, 6.498], "texture": "#7"},
				"east": {"uv": [10, 0, 15.948, 15.999], "rotation": 90, "texture": "#7"},
				"south": {"uv": [0, 0, 5.947, 6.498], "texture": "#7"},
				"west": {"uv": [10, 0, 15.948, 15.999], "rotation": 90, "texture": "#7"},
				"up": {"uv": [10, 0, 15.948, 15.999], "texture": "#7"},
				"down": {"uv": [10, 0, 15.948, 15.999], "rotation": 90, "texture": "#7"}
			}
		},
		{
			"name": "sight",
			"from": [7.55, 8.35, 3.65],
			"to": [8.45, 9.85, 4.55],
			"rotation": {"angle": 0, "axis": "y", "origin": [8, 8.75, -5.75]},
			"faces": {
				"north": {"uv": [7.5, 5, 9.15, 7.749], "texture": "#0"},
				"east": {"uv": [7.5, 5, 9.15, 7.749], "texture": "#0"},
				"south": {"uv": [7.5, 5, 9.15, 7.749], "texture": "#0"},
				"west": {"uv": [7.5, 5, 9.15, 7.749], "texture": "#0"},
				"up": {"uv": [9.75, 7, 11.398, 8.497], "texture": "#0"}
			}
		},
		{
			"name": "sight",
			"from": [8.3, 8.35, 25.35],
			"to": [8.7, 9.1, 26],
			"rotation": {"angle": 0, "axis": "y", "origin": [8, 9.2, 21.465]},
			"faces": {
				"north": {"uv": [9.25, 8.75, 9.399, 10.5], "texture": "#5"},
				"east": {"uv": [5.75, 0.25, 6.398, 2], "texture": "#5"},
				"south": {"uv": [9.25, 8.75, 9.399, 10.5], "texture": "#5"},
				"west": {"uv": [5.75, 0.25, 6.398, 2], "texture": "#5"}
			}
		},
		{
			"name": "sight",
			"from": [8.3, 9.1, 25.35],
			"to": [8.7, 10.1, 26],
			"rotation": {"angle": 0, "axis": "y", "origin": [8, 9.2, 21.465]},
			"faces": {
				"north": {"uv": [9.25, 8.75, 9.399, 10.5], "texture": "#5"},
				"east": {"uv": [9.25, 8.75, 10.399, 10.5], "texture": "#5"},
				"south": {"uv": [9.25, 8.75, 9.399, 10.5], "texture": "#5"},
				"west": {"uv": [9.25, 8.75, 10.399, 10.5], "texture": "#5"},
				"up": {"uv": [9.25, 8.75, 9.399, 10.5], "texture": "#5"}
			}
		},
		{
			"name": "sight",
			"from": [7.3, 8.35, 25.35],
			"to": [7.7, 9.1, 26],
			"rotation": {"angle": 0, "axis": "y", "origin": [8, 9.2, 21.465]},
			"faces": {
				"north": {"uv": [9.25, 8.75, 9.399, 10.5], "texture": "#5"},
				"east": {"uv": [5.75, 0.25, 6.398, 2], "texture": "#5"},
				"south": {"uv": [9.25, 8.75, 9.399, 10.5], "texture": "#5"},
				"west": {"uv": [5.75, 0.25, 6.398, 2], "texture": "#5"}
			}
		},
		{
			"name": "sight",
			"from": [7.3, 9.1, 25.35],
			"to": [7.7, 10.1, 26],
			"rotation": {"angle": 0, "axis": "y", "origin": [8, 9.2, 21.465]},
			"faces": {
				"north": {"uv": [9.25, 8.75, 9.399, 10.5], "texture": "#5"},
				"east": {"uv": [9.25, 8.75, 10.399, 10.5], "texture": "#5"},
				"south": {"uv": [9.25, 8.75, 9.399, 10.5], "texture": "#5"},
				"west": {"uv": [9.25, 8.75, 10.399, 10.5], "texture": "#5"},
				"up": {"uv": [9.25, 8.75, 9.399, 10.5], "texture": "#5"}
			}
		},
		{
			"name": "sight",
			"from": [7.55, 8.35, 4.55],
			"to": [8.45, 10.35, 4.95],
			"rotation": {"angle": 0, "axis": "y", "origin": [8, 9.2, 21.465]},
			"faces": {
				"north": {"uv": [7.5, 5, 9.15, 7.749], "texture": "#0"},
				"east": {"uv": [7.5, 5, 9.15, 7.749], "texture": "#0"},
				"south": {"uv": [7.5, 5, 9.15, 7.749], "texture": "#0"},
				"west": {"uv": [7.5, 5, 9.15, 7.749], "texture": "#0"},
				"up": {"uv": [9.75, 7, 11.398, 8.497], "texture": "#0"}
			}
		},
		{
			"name": "sight",
			"from": [7.525, 9.85013, 3.89987],
			"to": [8.475, 13.25013, 4.09987],
			"rotation": {"angle": 0, "axis": "y", "origin": [8.125, 10.45013, 5.69987]},
			"faces": {
				"north": {"uv": [9.25, 8.75, 10.448, 13], "texture": "#5"},
				"east": {"uv": [9.25, 8.75, 9.447, 13], "texture": "#5"},
				"south": {"uv": [9.25, 8.75, 10.448, 13], "texture": "#5"},
				"west": {"uv": [9.25, 8.75, 9.447, 13], "texture": "#5"},
				"up": {"uv": [9.25, 8.75, 9.447, 9.5], "texture": "#5"}
			}
		},
		{
			"name": "tigger",
			"from": [7.4, 5.5, 7.5],
			"to": [8.6, 7.5, 7.95],
			"faces": {
				"north": {"uv": [15.25, 4, 15.948, 6.498], "texture": "#0"},
				"east": {"uv": [15.25, 4, 15.948, 6.498], "texture": "#0"},
				"south": {"uv": [15.25, 4, 15.948, 6.498], "texture": "#0"},
				"west": {"uv": [15.25, 4, 15.948, 6.498], "texture": "#0"},
				"down": {"uv": [15.25, 7.25, 15.948, 9.748], "rotation": 90, "texture": "#0"}
			}
		},
		{
			"name": "tigger",
			"from": [7.7, 5.8, 6.3],
			"to": [8.3, 7.8, 6.5],
			"rotation": {"angle": 0, "axis": "y", "origin": [8, 8, 8.1]},
			"faces": {
				"north": {"uv": [10, 5.5, 10.748, 8.499], "texture": "#5"},
				"east": {"uv": [10.498, 5.5, 10, 8.499], "texture": "#5"},
				"south": {"uv": [10, 5.5, 10.748, 8.499], "texture": "#5"},
				"west": {"uv": [10, 5.5, 10.498, 8.499], "texture": "#5"},
				"down": {"uv": [9.75, 5.5, 10.746, 6.247], "rotation": 90, "texture": "#5"}
			}
		},
		{
			"name": "tigger",
			"from": [7.4, 5.5, 5.6],
			"to": [8.6, 7.5, 5.8],
			"rotation": {"angle": 0, "axis": "y", "origin": [8, 8, 8.1]},
			"faces": {
				"north": {"uv": [15.25, 4, 15.948, 6.498], "texture": "#0"},
				"east": {"uv": [15.25, 4, 15.948, 6.498], "texture": "#0"},
				"south": {"uv": [15.25, 4, 15.948, 6.498], "texture": "#0"},
				"west": {"uv": [15.25, 4, 15.948, 6.498], "texture": "#0"},
				"down": {"uv": [15.25, 7.25, 15.948, 9.748], "rotation": 90, "texture": "#0"}
			}
		},
		{
			"name": "tigger",
			"from": [7.4, 5.3, 5.8],
			"to": [8.6, 5.5, 7.6],
			"faces": {
				"north": {"uv": [15.25, 7.25, 15.948, 9.748], "rotation": 90, "texture": "#0"},
				"east": {"uv": [15.25, 7.25, 15.948, 9.748], "rotation": 90, "texture": "#0"},
				"south": {"uv": [15.25, 7.25, 15.948, 9.748], "rotation": 90, "texture": "#0"},
				"west": {"uv": [15.25, 7.25, 15.948, 9.748], "rotation": 90, "texture": "#0"},
				"up": {"uv": [15.25, 7.25, 15.948, 9.748], "texture": "#0"},
				"down": {"uv": [15.25, 7.25, 15.948, 9.748], "texture": "#0"}
			}
		}
	],
	"display": {
		"thirdperson_righthand": {
			"rotation": [-109.5, -6, 180],
			"translation": [-3, 3.1, 1.5],
			"scale": [0.8, 0.8, 0.8]
		},
		"thirdperson_lefthand": {
			"rotation": [0, 180, 0]
		},
		"firstperson_righthand": {
			"rotation": [6.5, 176, -2],
			"translation": [-1, 5.5, -2]
		},
		"ground": {
			"translation": [0, 3.25, -2.5],
			"scale": [0.6, 0.6, 0.6]
		},
		"gui": {
			"rotation": [-90, 50, 90],
			"translation": [-2.7, -0.25, 0],
			"scale": [0.87, 0.87, 0.57]
		},
		"fixed": {
			"rotation": [0, 90, 0],
			"translation": [-2.75, 0.5, -1.25],
			"scale": [1.3, 1.3, 1.3]
		}
	}
}