{
	"credit": "Made with Blockbench",
	"parent": "block/block",
	"textures": {
		"all": "block/lantern",
		"particle": "block/lantern"
	},
	"elements": [
		{
			"from": [5, 0, 5],
			"to": [11, 2, 11],
			"faces": {
				"north": {"uv": [0, 8, 6, 10], "texture": "#all"},
				"east": {"uv": [0, 8, 6, 10], "texture": "#all"},
				"south": {"uv": [0, 8, 6, 10], "texture": "#all"},
				"west": {"uv": [0, 8, 6, 10], "texture": "#all"},
				"up": {"uv": [0, 9, 6, 15], "texture": "#all"},
				"down": {"uv": [0, 9, 6, 15], "texture": "#all"}
			}
		},
		{
			"from": [6, 3, 6],
			"to": [10, 8, 10],
			"faces": {
				"north": {"uv": [1, 3, 5, 8], "texture": "#all"},
				"east": {"uv": [1, 3, 5, 8], "texture": "#all"},
				"south": {"uv": [1, 3, 5, 8], "texture": "#all"},
				"west": {"uv": [1, 3, 5, 8], "texture": "#all"},
				"up": {"uv": [1, 10, 5, 14], "texture": "#all"},
				"down": {"uv": [1, 10, 5, 14], "texture": "#all"}
			}
		},
		{
			"from": [5, 9, 5],
			"to": [11, 10, 11],
			"faces": {
				"north": {"uv": [0, 2, 6, 3], "texture": "#all"},
				"east": {"uv": [0, 2, 6, 3], "texture": "#all"},
				"south": {"uv": [0, 2, 6, 3], "texture": "#all"},
				"west": {"uv": [0, 2, 6, 3], "texture": "#all"},
				"up": {"uv": [0, 9, 6, 15], "texture": "#all"},
				"down": {"uv": [0, 9, 6, 15], "texture": "#all"}
			}
		},
		{
			"from": [7, 2, 7],
			"to": [9, 9, 9],
			"faces": {
				"north": {"uv": [2, 9, 4, 10], "texture": "#all"},
				"east": {"uv": [2, 9, 4, 10], "texture": "#all"},
				"south": {"uv": [2, 9, 4, 10], "texture": "#all"},
				"west": {"uv": [2, 9, 4, 10], "texture": "#all"}
			}
		},
		{
			"from": [4.5, 1, 7.5],
			"to": [5.5, 11.5, 8.5],
			"rotation": {"angle": 0, "axis": "y", "origin": [7.5, 8, 8]},
			"faces": {
				"north": {"uv": [5, 8, 6, 15], "texture": "#all"},
				"east": {"uv": [5, 8, 6, 15], "texture": "#all"},
				"south": {"uv": [5, 8, 6, 15], "texture": "#all"},
				"west": {"uv": [5, 8, 6, 15], "texture": "#all"},
				"up": {"uv": [5, 8, 6, 9], "texture": "#all"},
				"down": {"uv": [5, 14, 6, 15], "texture": "#all"}
			}
		},
		{
			"from": [5.5, 10.5, 7.5],
			"to": [10.5, 11.5, 8.5],
			"faces": {
				"north": {"uv": [0, 9, 6, 10], "texture": "#all"},
				"south": {"uv": [0, 9, 6, 10], "texture": "#all"},
				"up": {"uv": [0, 9, 6, 10], "texture": "#all"},
				"down": {"uv": [0, 9, 6, 10], "texture": "#all"}
			}
		},
		{
			"from": [10.5, 1, 7.5],
			"to": [11.5, 11.5, 8.5],
			"rotation": {"angle": 0, "axis": "y", "origin": [7.5, 8, 8]},
			"faces": {
				"north": {"uv": [6, 8, 5, 15], "texture": "#all"},
				"east": {"uv": [6, 8, 5, 15], "texture": "#all"},
				"south": {"uv": [6, 8, 5, 15], "texture": "#all"},
				"west": {"uv": [6, 8, 5, 15], "texture": "#all"},
				"up": {"uv": [6, 8, 5, 9], "texture": "#all"},
				"down": {"uv": [6, 14, 5, 15], "texture": "#all"}
			}
		},
		{
			"from": [6.5, 8, 6.5],
			"to": [9.5, 12, 9.5],
			"faces": {
				"north": {"uv": [0, 12, 3, 8], "texture": "#all"},
				"east": {"uv": [0, 12, 3, 8], "texture": "#all"},
				"south": {"uv": [0, 12, 3, 8], "texture": "#all"},
				"west": {"uv": [0, 12, 3, 8], "texture": "#all"},
				"up": {"uv": [1, 10, 5, 14], "texture": "#all"},
				"down": {"uv": [1, 10, 5, 14], "texture": "#all"}
			}
		},
		{
			"from": [6, 11, 8],
			"to": [10, 14, 8],
			"shade": false,
			"faces": {
				"north": {"uv": [11, 1, 14, 5], "rotation": 90, "texture": "#all"},
				"south": {"uv": [11, 1, 14, 5], "rotation": 90, "texture": "#all"}
			}
		}
	],
	"display": {
		"thirdperson_righthand": {
			"rotation": [68, 0, 0],
			"translation": [0, -2.25, -2.75],
			"scale": [0.55, 0.55, 0.55]
		},
		"thirdperson_lefthand": {
			"rotation": [67, 0, 0],
			"translation": [0, -2.25, -2.75],
			"scale": [0.55, 0.55, 0.55]
		},
		"firstperson_righthand": {
			"rotation": [0, -19, 0],
			"translation": [1.13, 5, 1.13],
			"scale": [0.68, 0.68, 0.68]
		},
		"firstperson_lefthand": {
			"rotation": [0, -19, 0],
			"translation": [1.13, 5, 1.13],
			"scale": [0.68, 0.68, 0.68]
		},
		"ground": {
			"translation": [0, 2, 0],
			"scale": [0.5, 0.5, 0.5]
		},
		"gui": {
			"rotation": [30, 225, 0],
			"translation": [0, 1.5, 0]
		},
		"head": {
			"rotation": [0, 180, 0],
			"translation": [0, 15, 0]
		},
		"fixed": {
			"rotation": [0, 180, 0],
			"translation": [0, 0, -1]
		}
	},
	"groups": [0, 1, 2, 3, 4, 5, 6, 7,
		{
			"name": "chain",
			"origin": [8, 8, 8],
			"children": [8]
		}
	]
}