{
    "ambientocclusion": false,
    "textures": {
        "particle": "item/custom_blocks/grate",
        "texture": "item/custom_blocks/grate"
    },
    "elements": [
        {   "__comment": "main",
            "from": [ 0, 14, 0 ],
            "to": [ 16, 16, 16 ],
            "faces": {
                "up":      {"texture": "#texture"},
                "down":    {"texture": "#texture"},
                "north": {"uv":[ 0, 7, 16, 9],"texture": "#texture", "cullface":"north"},
                "south": {"uv":[ 0, 7, 16, 9],"texture": "#texture", "cullface":"south"},
                "west":  {"uv":[ 0, 7, 16, 9],"texture": "#texture", "cullface":"west"},
                "east":  {"uv":[ 0, 7, 16, 9],"texture": "#texture", "cullface":"east"}}},

        {   "__comment": "inner 1",
            "from": [ 7, 16, 7 ],
            "to": [ 1, 14, 1],
            "faces": {
                "north": {"uv":[ 1, 9, 7, 7],"texture": "#texture"},
                "south": {"uv":[ 1, 9, 7, 7],"texture": "#texture"},
                "west":  {"uv":[ 1, 9, 7, 7],"texture": "#texture"},
                "east":  {"uv":[ 1, 9, 7, 7],"texture": "#texture"}}},
        {   "__comment": "inner 2",
            "from": [ 15, 16, 7 ],
            "to": [ 9, 14, 1 ],
            "faces": {
                "north": {"uv":[ 1, 9, 7, 7],"texture": "#texture"},
                "south": {"uv":[ 1, 9, 7, 7],"texture": "#texture"},
                "west":  {"uv":[ 1, 9, 7, 7],"texture": "#texture"},
                "east":  {"uv":[ 1, 9, 7, 7],"texture": "#texture"}}},
        {   "__comment": "inner 3",
            "from": [ 15, 16, 15 ],
            "to": [ 9, 14, 9 ],
            "faces": {
                "north": {"uv":[ 1, 9, 7, 7],"texture": "#texture"},
                "south": {"uv":[ 1, 9, 7, 7],"texture": "#texture"},
                "west":  {"uv":[ 1, 9, 7, 7],"texture": "#texture"},
                "east":  {"uv":[ 1, 9, 7, 7],"texture": "#texture"}}},
        {   "__comment": "inner 4",
            "from": [ 7, 16, 15 ],
            "to": [ 1, 14, 9 ],
            "faces": {
                "north": {"uv":[ 1, 9, 7, 7],"texture": "#texture"},
                "south": {"uv":[ 1, 9, 7, 7],"texture": "#texture"},
                "west":  {"uv":[ 1, 9, 7, 7],"texture": "#texture"},
                "east":  {"uv":[ 1, 9, 7, 7],"texture": "#texture"}
			}
		}
    ],
	"display": {
		"head": {
			"rotation": [ -30, 0, 0 ],
			"translation": [ 0, -30.75, -7.25 ],
			"scale": [ 3.0125, 3.0125, 3.0125 ]
		},
		"firstperson_righthand": {
			"scale": [ 0.5, 0.5, 0.5 ]
		},
		"thirdperson_righthand": {
			"scale": [ 0.5, 0.5, 0.5 ]
		}
	}
}